TimeID,OrderDate,OrderYear,OrderMonth,DayOfWeek,OrderQuarter
1,2014-11-11,2014,November,Tuesday,Q4
2,2014-02-05,2014,February,Wednesday,Q1
3,2014-10-17,2014,October,Friday,Q4
4,2014-01-28,2014,January,Tuesday,Q1
5,2014-11-05,2014,November,Wednesday,Q4
6,2014-06-28,2014,June,Saturday,Q2
7,2012-11-06,2012,November,Tuesday,Q4
8,2013-04-14,2013,April,Sunday,Q2
9,2012-03-06,2012,March,Tuesday,Q1
10,2013-04-19,2013,April,Friday,Q2
11,2012-12-26,2012,December,Wednesday,Q4
12,2013-11-13,2013,November,Wednesday,Q4
13,2014-06-06,2014,June,Friday,Q2
14,2015-07-31,2015,July,Friday,Q3
15,2012-02-19,2012,February,Sunday,Q1
16,2015-09-08,2015,September,Tuesday,Q3
17,2015-01-31,2015,January,Saturday,Q1
18,2015-12-05,2015,December,Saturday,Q4
19,2013-08-08,2013,August,Thursday,Q3
20,2012-05-01,2012,May,Tuesday,Q2
21,2014-02-27,2014,February,Thursday,Q1
22,2015-09-05,2015,September,Saturday,Q3
23,2012-12-16,2012,December,Sunday,Q4
24,2012-03-13,2012,March,Tuesday,Q1
25,2012-04-21,2012,April,Saturday,Q2
26,2013-02-24,2013,February,Sunday,Q1
27,2012-12-27,2012,December,Thursday,Q4
28,2013-07-17,2013,July,Wednesday,Q3
29,2013-12-27,2013,December,Friday,Q4
30,2012-11-02,2012,November,Friday,Q4
31,2012-09-13,2012,September,Thursday,Q3
32,2012-05-12,2012,May,Saturday,Q2
33,2012-12-30,2012,December,Sunday,Q4
34,2015-01-14,2015,January,Wednesday,Q1
35,2012-01-10,2012,January,Tuesday,Q1
36,2014-08-22,2014,August,Friday,Q3
37,2015-11-11,2015,November,Wednesday,Q4
38,2015-09-26,2015,September,Saturday,Q3
39,2013-12-13,2013,December,Friday,Q4
40,2012-09-22,2012,September,Saturday,Q3
41,2014-03-21,2014,March,Friday,Q1
42,2014-03-08,2014,March,Saturday,Q1
43,2015-08-28,2015,August,Friday,Q3
44,2015-05-01,2015,May,Friday,Q2
45,2015-12-18,2015,December,Friday,Q4
46,2012-10-24,2012,October,Wednesday,Q4
47,2015-09-18,2015,September,Friday,Q3
48,2014-12-18,2014,December,Thursday,Q4
49,2013-05-30,2013,May,Thursday,Q2
50,2013-05-25,2013,May,Saturday,Q2
51,2015-08-05,2015,August,Wednesday,Q3
52,2015-03-11,2015,March,Wednesday,Q1
53,2015-12-19,2015,December,Saturday,Q4
54,2015-08-11,2015,August,Tuesday,Q3
55,2014-08-31,2014,August,Sunday,Q3
56,2015-01-18,2015,January,Sunday,Q1
57,2015-01-03,2015,January,Saturday,Q1
58,2015-12-07,2015,December,Monday,Q4
59,2015-12-16,2015,December,Wednesday,Q4
60,2015-11-20,2015,November,Friday,Q4
61,2012-11-08,2012,November,Thursday,Q4
62,2014-06-07,2014,June,Saturday,Q2
63,2012-11-21,2012,November,Wednesday,Q4
64,2014-03-29,2014,March,Saturday,Q1
65,2015-08-26,2015,August,Wednesday,Q3
66,2013-09-20,2013,September,Friday,Q3
67,2015-05-16,2015,May,Saturday,Q2
68,2015-08-02,2015,August,Sunday,Q3
69,2014-11-24,2014,November,Monday,Q4
70,2012-10-27,2012,October,Saturday,Q4
71,2015-11-19,2015,November,Thursday,Q4
72,2015-10-28,2015,October,Wednesday,Q4
73,2014-09-26,2014,September,Friday,Q3
74,2014-01-29,2014,January,Wednesday,Q1
75,2013-09-18,2013,September,Wednesday,Q3
76,2014-11-23,2014,November,Sunday,Q4
77,2013-06-13,2013,June,Thursday,Q2
78,2014-10-28,2014,October,Tuesday,Q4
79,2014-12-12,2014,December,Friday,Q4
80,2015-10-04,2015,October,Sunday,Q4
81,2014-12-02,2014,December,Tuesday,Q4
82,2013-05-07,2013,May,Tuesday,Q2
83,2014-11-27,2014,November,Thursday,Q4
84,2013-11-28,2013,November,Thursday,Q4
85,2013-09-29,2013,September,Sunday,Q3
86,2014-09-03,2014,September,Wednesday,Q3
87,2014-07-26,2014,July,Saturday,Q3
88,2013-06-19,2013,June,Wednesday,Q2
89,2013-10-11,2013,October,Friday,Q4
90,2012-08-08,2012,August,Wednesday,Q3
91,2012-11-04,2012,November,Sunday,Q4
92,2012-07-26,2012,July,Thursday,Q3
93,2014-04-26,2014,April,Saturday,Q2
94,2014-12-26,2014,December,Friday,Q4
95,2014-03-13,2014,March,Thursday,Q1
96,2013-04-05,2013,April,Friday,Q2
97,2013-12-26,2013,December,Thursday,Q4
98,2014-04-18,2014,April,Friday,Q2
99,2012-05-23,2012,May,Wednesday,Q2
100,2014-05-16,2014,May,Friday,Q2
101,2012-02-16,2012,February,Thursday,Q1
102,2014-05-31,2014,May,Saturday,Q2
103,2014-10-01,2014,October,Wednesday,Q4
104,2015-11-07,2015,November,Saturday,Q4
105,2014-09-02,2014,September,Tuesday,Q3
106,2014-12-11,2014,December,Thursday,Q4
107,2015-03-18,2015,March,Wednesday,Q1
108,2014-03-14,2014,March,Friday,Q1
109,2014-11-25,2014,November,Tuesday,Q4
110,2014-11-07,2014,November,Friday,Q4
111,2015-07-19,2015,July,Sunday,Q3
112,2013-08-16,2013,August,Friday,Q3
113,2015-11-06,2015,November,Friday,Q4
114,2013-01-10,2013,January,Thursday,Q1
115,2013-06-14,2013,June,Friday,Q2
116,2013-12-06,2013,December,Friday,Q4
117,2014-09-05,2014,September,Friday,Q3
118,2013-08-03,2013,August,Saturday,Q3
119,2015-12-09,2015,December,Wednesday,Q4
120,2013-10-25,2013,October,Friday,Q4
121,2015-05-08,2015,May,Friday,Q2
122,2014-08-27,2014,August,Wednesday,Q3
123,2012-09-19,2012,September,Wednesday,Q3
124,2014-03-11,2014,March,Tuesday,Q1
125,2013-02-01,2013,February,Friday,Q1
126,2015-04-09,2015,April,Thursday,Q2
127,2014-08-30,2014,August,Saturday,Q3
128,2015-03-19,2015,March,Thursday,Q1
129,2014-10-02,2014,October,Thursday,Q4
130,2014-01-12,2014,January,Sunday,Q1
131,2015-08-20,2015,August,Thursday,Q3
132,2015-03-14,2015,March,Saturday,Q1
133,2015-07-09,2015,July,Thursday,Q3
134,2014-06-11,2014,June,Wednesday,Q2
135,2012-08-09,2012,August,Thursday,Q3
136,2015-03-17,2015,March,Tuesday,Q1
137,2014-01-02,2014,January,Thursday,Q1
138,2013-10-10,2013,October,Thursday,Q4
139,2012-06-16,2012,June,Saturday,Q2
140,2015-04-03,2015,April,Friday,Q2
141,2012-05-16,2012,May,Wednesday,Q2
142,2015-02-11,2015,February,Wednesday,Q1
143,2014-10-12,2014,October,Sunday,Q4
144,2015-09-17,2015,September,Thursday,Q3
145,2015-07-17,2015,July,Friday,Q3
146,2015-11-22,2015,November,Sunday,Q4
147,2012-05-29,2012,May,Tuesday,Q2
148,2015-08-29,2015,August,Saturday,Q3
149,2014-05-01,2014,May,Thursday,Q2
150,2012-08-15,2012,August,Wednesday,Q3
151,2015-12-03,2015,December,Thursday,Q4
152,2014-06-25,2014,June,Wednesday,Q2
153,2014-01-21,2014,January,Tuesday,Q1
154,2015-10-24,2015,October,Saturday,Q4
155,2015-07-12,2015,July,Sunday,Q3
156,2015-09-01,2015,September,Tuesday,Q3
157,2012-06-06,2012,June,Wednesday,Q2
158,2012-10-12,2012,October,Friday,Q4
159,2014-06-10,2014,June,Tuesday,Q2
160,2015-12-13,2015,December,Sunday,Q4
161,2014-09-16,2014,September,Tuesday,Q3
162,2015-06-10,2015,June,Wednesday,Q2
163,2012-02-15,2012,February,Wednesday,Q1
164,2014-11-28,2014,November,Friday,Q4
165,2014-06-27,2014,June,Friday,Q2
166,2015-04-16,2015,April,Thursday,Q2
167,2013-08-02,2013,August,Friday,Q3
168,2015-04-07,2015,April,Tuesday,Q2
169,2014-08-02,2014,August,Saturday,Q3
170,2015-05-22,2015,May,Friday,Q2
171,2012-02-10,2012,February,Friday,Q1
172,2014-09-27,2014,September,Saturday,Q3
173,2015-06-02,2015,June,Tuesday,Q2
174,2014-09-30,2014,September,Tuesday,Q3
175,2012-07-18,2012,July,Wednesday,Q3
176,2015-08-14,2015,August,Friday,Q3
177,2015-10-31,2015,October,Saturday,Q4
178,2014-07-25,2014,July,Friday,Q3
179,2015-10-07,2015,October,Wednesday,Q4
180,2015-10-17,2015,October,Saturday,Q4
181,2014-12-03,2014,December,Wednesday,Q4
182,2015-11-08,2015,November,Sunday,Q4
183,2012-09-20,2012,September,Thursday,Q3
184,2012-06-20,2012,June,Wednesday,Q2
185,2015-05-20,2015,May,Wednesday,Q2
186,2015-11-26,2015,November,Thursday,Q4
187,2013-03-30,2013,March,Saturday,Q1
188,2012-11-09,2012,November,Friday,Q4
189,2013-08-01,2013,August,Thursday,Q3
190,2014-01-23,2014,January,Thursday,Q1
191,2012-05-20,2012,May,Sunday,Q2
192,2015-09-28,2015,September,Monday,Q3
193,2012-11-05,2012,November,Monday,Q4
194,2015-01-28,2015,January,Wednesday,Q1
195,2015-09-13,2015,September,Sunday,Q3
196,2015-11-27,2015,November,Friday,Q4
197,2012-12-21,2012,December,Friday,Q4
198,2012-04-26,2012,April,Thursday,Q2
199,2012-10-05,2012,October,Friday,Q4
200,2014-08-24,2014,August,Sunday,Q3
201,2014-09-21,2014,September,Sunday,Q3
202,2015-12-17,2015,December,Thursday,Q4
203,2012-11-15,2012,November,Thursday,Q4
204,2013-12-21,2013,December,Saturday,Q4
205,2015-06-03,2015,June,Wednesday,Q2
206,2015-09-12,2015,September,Saturday,Q3
207,2015-04-17,2015,April,Friday,Q2
208,2013-11-21,2013,November,Thursday,Q4
209,2015-03-06,2015,March,Friday,Q1
210,2013-07-23,2013,July,Tuesday,Q3
211,2012-06-10,2012,June,Sunday,Q2
212,2013-09-14,2013,September,Saturday,Q3
213,2012-11-24,2012,November,Saturday,Q4
214,2013-08-10,2013,August,Saturday,Q3
215,2014-03-20,2014,March,Thursday,Q1
216,2014-12-30,2014,December,Tuesday,Q4
217,2013-10-04,2013,October,Friday,Q4
218,2013-08-06,2013,August,Tuesday,Q3
219,2013-10-02,2013,October,Wednesday,Q4
220,2015-03-26,2015,March,Thursday,Q1
221,2015-11-21,2015,November,Saturday,Q4
222,2012-11-29,2012,November,Thursday,Q4
223,2013-12-20,2013,December,Friday,Q4
224,2013-09-13,2013,September,Friday,Q3
225,2012-09-21,2012,September,Friday,Q3
226,2013-11-09,2013,November,Saturday,Q4
227,2013-05-23,2013,May,Thursday,Q2
228,2014-06-22,2014,June,Sunday,Q2
229,2015-04-14,2015,April,Tuesday,Q2
230,2012-03-30,2012,March,Friday,Q1
231,2013-02-03,2013,February,Sunday,Q1
232,2014-05-29,2014,May,Thursday,Q2
233,2013-08-29,2013,August,Thursday,Q3
234,2012-06-14,2012,June,Thursday,Q2
235,2012-10-26,2012,October,Friday,Q4
236,2015-09-11,2015,September,Friday,Q3
237,2013-08-28,2013,August,Wednesday,Q3
238,2014-08-01,2014,August,Friday,Q3
239,2015-12-24,2015,December,Thursday,Q4
240,2013-02-22,2013,February,Friday,Q1
241,2015-10-11,2015,October,Sunday,Q4
242,2015-04-21,2015,April,Tuesday,Q2
243,2014-06-12,2014,June,Thursday,Q2
244,2014-09-17,2014,September,Wednesday,Q3
245,2015-09-19,2015,September,Saturday,Q3
246,2015-06-20,2015,June,Saturday,Q2
247,2015-10-23,2015,October,Friday,Q4
248,2015-04-02,2015,April,Thursday,Q2
249,2015-11-13,2015,November,Friday,Q4
250,2014-06-13,2014,June,Friday,Q2
251,2015-09-22,2015,September,Tuesday,Q3
252,2012-01-08,2012,January,Sunday,Q1
253,2014-07-30,2014,July,Wednesday,Q3
254,2015-04-30,2015,April,Thursday,Q2
255,2012-09-27,2012,September,Thursday,Q3
256,2015-06-24,2015,June,Wednesday,Q2
257,2012-04-05,2012,April,Thursday,Q2
258,2015-08-07,2015,August,Friday,Q3
259,2015-02-14,2015,February,Saturday,Q1
260,2012-12-23,2012,December,Sunday,Q4
261,2013-08-17,2013,August,Saturday,Q3
262,2013-08-07,2013,August,Wednesday,Q3
263,2014-05-03,2014,May,Saturday,Q2
264,2013-08-09,2013,August,Friday,Q3
265,2014-02-21,2014,February,Friday,Q1
266,2013-07-18,2013,July,Thursday,Q3
267,2014-09-12,2014,September,Friday,Q3
268,2013-06-18,2013,June,Tuesday,Q2
269,2014-12-31,2014,December,Wednesday,Q4
270,2013-01-15,2013,January,Tuesday,Q1
271,2013-06-12,2013,June,Wednesday,Q2
272,2015-12-22,2015,December,Tuesday,Q4
273,2014-09-14,2014,September,Sunday,Q3
274,2014-01-07,2014,January,Tuesday,Q1
275,2015-06-27,2015,June,Saturday,Q2
276,2013-07-13,2013,July,Saturday,Q3
277,2015-05-29,2015,May,Friday,Q2
278,2015-02-24,2015,February,Tuesday,Q1
279,2014-12-23,2014,December,Tuesday,Q4
280,2015-06-17,2015,June,Wednesday,Q2
281,2015-03-15,2015,March,Sunday,Q1
282,2015-06-09,2015,June,Tuesday,Q2
283,2015-10-15,2015,October,Thursday,Q4
284,2015-08-06,2015,August,Thursday,Q3
285,2013-12-25,2013,December,Wednesday,Q4
286,2013-12-07,2013,December,Saturday,Q4
287,2014-06-17,2014,June,Tuesday,Q2
288,2015-11-03,2015,November,Tuesday,Q4
289,2013-05-28,2013,May,Tuesday,Q2
290,2014-08-17,2014,August,Sunday,Q3
291,2012-06-02,2012,June,Saturday,Q2
292,2012-07-13,2012,July,Friday,Q3
293,2012-10-16,2012,October,Tuesday,Q4
294,2012-11-13,2012,November,Tuesday,Q4
295,2015-07-14,2015,July,Tuesday,Q3
296,2015-12-15,2015,December,Tuesday,Q4
297,2015-06-28,2015,June,Sunday,Q2
298,2015-12-20,2015,December,Sunday,Q4
299,2013-02-05,2013,February,Tuesday,Q1
300,2012-01-21,2012,January,Saturday,Q1
301,2015-10-27,2015,October,Tuesday,Q4
302,2013-02-26,2013,February,Tuesday,Q1
303,2013-06-11,2013,June,Tuesday,Q2
304,2012-02-23,2012,February,Thursday,Q1
305,2014-07-20,2014,July,Sunday,Q3
306,2014-10-30,2014,October,Thursday,Q4
307,2014-05-04,2014,May,Sunday,Q2
308,2012-09-07,2012,September,Friday,Q3
309,2013-04-22,2013,April,Monday,Q2
310,2012-04-15,2012,April,Sunday,Q2
311,2014-04-12,2014,April,Saturday,Q2
312,2013-10-13,2013,October,Sunday,Q4
313,2015-01-30,2015,January,Friday,Q1
314,2013-10-12,2013,October,Saturday,Q4
315,2015-06-06,2015,June,Saturday,Q2
316,2014-09-19,2014,September,Friday,Q3
317,2013-12-31,2013,December,Tuesday,Q4
318,2015-12-29,2015,December,Tuesday,Q4
319,2014-11-15,2014,November,Saturday,Q4
320,2012-12-19,2012,December,Wednesday,Q4
321,2015-05-19,2015,May,Tuesday,Q2
322,2012-12-07,2012,December,Friday,Q4
323,2015-02-10,2015,February,Tuesday,Q1
324,2015-02-08,2015,February,Sunday,Q1
325,2014-08-05,2014,August,Tuesday,Q3
326,2015-04-15,2015,April,Wednesday,Q2
327,2013-11-07,2013,November,Thursday,Q4
328,2015-05-05,2015,May,Tuesday,Q2
329,2014-11-04,2014,November,Tuesday,Q4
330,2013-08-31,2013,August,Saturday,Q3
331,2014-06-20,2014,June,Friday,Q2
332,2015-08-23,2015,August,Sunday,Q3
333,2014-04-29,2014,April,Tuesday,Q2
334,2015-10-12,2015,October,Monday,Q4
335,2015-11-28,2015,November,Saturday,Q4
336,2013-05-11,2013,May,Saturday,Q2
337,2014-06-18,2014,June,Wednesday,Q2
338,2013-05-04,2013,May,Saturday,Q2
339,2012-11-10,2012,November,Saturday,Q4
340,2015-05-15,2015,May,Friday,Q2
341,2012-12-06,2012,December,Thursday,Q4
342,2014-09-10,2014,September,Wednesday,Q3
343,2012-03-02,2012,March,Friday,Q1
344,2013-01-01,2013,January,Tuesday,Q1
345,2013-10-30,2013,October,Wednesday,Q4
346,2014-11-19,2014,November,Wednesday,Q4
347,2014-08-15,2014,August,Friday,Q3
348,2014-06-08,2014,June,Sunday,Q2
349,2015-10-02,2015,October,Friday,Q4
350,2015-02-27,2015,February,Friday,Q1
351,2014-10-31,2014,October,Friday,Q4
352,2015-05-09,2015,May,Saturday,Q2
353,2015-07-04,2015,July,Saturday,Q3
354,2013-05-17,2013,May,Friday,Q2
355,2012-08-02,2012,August,Thursday,Q3
356,2015-09-20,2015,September,Sunday,Q3
357,2014-02-14,2014,February,Friday,Q1
358,2015-08-04,2015,August,Tuesday,Q3
359,2014-11-13,2014,November,Thursday,Q4
360,2015-02-12,2015,February,Thursday,Q1
361,2014-03-30,2014,March,Sunday,Q1
362,2014-08-19,2014,August,Tuesday,Q3
363,2013-08-22,2013,August,Thursday,Q3
364,2015-07-05,2015,July,Sunday,Q3
365,2013-03-14,2013,March,Thursday,Q1
366,2015-09-16,2015,September,Wednesday,Q3
367,2014-09-09,2014,September,Tuesday,Q3
368,2013-10-17,2013,October,Thursday,Q4
369,2015-02-17,2015,February,Tuesday,Q1
370,2013-02-23,2013,February,Saturday,Q1
371,2013-12-03,2013,December,Tuesday,Q4
372,2013-12-12,2013,December,Thursday,Q4
373,2015-06-16,2015,June,Tuesday,Q2
374,2015-05-13,2015,May,Wednesday,Q2
375,2013-05-10,2013,May,Friday,Q2
376,2014-09-13,2014,September,Saturday,Q3
377,2015-10-25,2015,October,Sunday,Q4
378,2014-02-02,2014,February,Sunday,Q1
379,2014-10-14,2014,October,Tuesday,Q4
380,2012-02-14,2012,February,Tuesday,Q1
381,2012-03-10,2012,March,Saturday,Q1
382,2013-06-20,2013,June,Thursday,Q2
383,2014-02-08,2014,February,Saturday,Q1
384,2013-06-23,2013,June,Sunday,Q2
385,2014-12-20,2014,December,Saturday,Q4
386,2012-08-28,2012,August,Tuesday,Q3
387,2015-07-18,2015,July,Saturday,Q3
388,2012-12-05,2012,December,Wednesday,Q4
389,2012-09-01,2012,September,Saturday,Q3
390,2013-08-27,2013,August,Tuesday,Q3
391,2014-12-24,2014,December,Wednesday,Q4
392,2013-11-30,2013,November,Saturday,Q4
393,2014-05-21,2014,May,Wednesday,Q2
394,2014-12-19,2014,December,Friday,Q4
395,2012-06-17,2012,June,Sunday,Q2
396,2013-01-09,2013,January,Wednesday,Q1
397,2012-07-17,2012,July,Tuesday,Q3
398,2013-04-12,2013,April,Friday,Q2
399,2015-07-03,2015,July,Friday,Q3
400,2015-08-18,2015,August,Tuesday,Q3
401,2015-07-11,2015,July,Saturday,Q3
402,2015-04-24,2015,April,Friday,Q2
403,2012-05-03,2012,May,Thursday,Q2
404,2015-11-12,2015,November,Thursday,Q4
405,2014-04-05,2014,April,Saturday,Q2
406,2015-07-10,2015,July,Friday,Q3
407,2015-10-06,2015,October,Tuesday,Q4
408,2014-06-01,2014,June,Sunday,Q2
409,2013-08-20,2013,August,Tuesday,Q3
410,2012-08-29,2012,August,Wednesday,Q3
411,2013-12-04,2013,December,Wednesday,Q4
412,2015-10-13,2015,October,Tuesday,Q4
413,2013-06-16,2013,June,Sunday,Q2
414,2014-08-20,2014,August,Wednesday,Q3
415,2013-06-21,2013,June,Friday,Q2
416,2014-04-30,2014,April,Wednesday,Q2
417,2013-06-15,2013,June,Saturday,Q2
418,2015-07-21,2015,July,Tuesday,Q3
419,2014-02-26,2014,February,Wednesday,Q1
420,2012-11-25,2012,November,Sunday,Q4
421,2013-05-24,2013,May,Friday,Q2
422,2012-11-03,2012,November,Saturday,Q4
423,2014-06-05,2014,June,Thursday,Q2
424,2014-05-14,2014,May,Wednesday,Q2
425,2014-10-21,2014,October,Tuesday,Q4
426,2014-07-15,2014,July,Tuesday,Q3
427,2015-12-02,2015,December,Wednesday,Q4
428,2015-01-08,2015,January,Thursday,Q1
429,2014-07-01,2014,July,Tuesday,Q3
430,2012-03-11,2012,March,Sunday,Q1
431,2014-01-15,2014,January,Wednesday,Q1
432,2012-11-18,2012,November,Sunday,Q4
433,2014-07-11,2014,July,Friday,Q3
434,2013-05-22,2013,May,Wednesday,Q2
435,2015-08-12,2015,August,Wednesday,Q3
436,2014-01-05,2014,January,Sunday,Q1
437,2014-12-16,2014,December,Tuesday,Q4
438,2013-07-04,2013,July,Thursday,Q3
439,2015-11-01,2015,November,Sunday,Q4
440,2013-07-03,2013,July,Wednesday,Q3
441,2015-11-29,2015,November,Sunday,Q4
442,2012-04-07,2012,April,Saturday,Q2
443,2013-05-09,2013,May,Thursday,Q2
444,2013-11-19,2013,November,Tuesday,Q4
445,2015-12-31,2015,December,Thursday,Q4
446,2014-11-14,2014,November,Friday,Q4
447,2014-03-19,2014,March,Wednesday,Q1
448,2013-03-21,2013,March,Thursday,Q1
449,2015-05-24,2015,May,Sunday,Q2
450,2014-06-14,2014,June,Saturday,Q2
451,2012-03-04,2012,March,Sunday,Q1
452,2014-12-09,2014,December,Tuesday,Q4
453,2014-10-09,2014,October,Thursday,Q4
454,2014-10-16,2014,October,Thursday,Q4
455,2014-04-16,2014,April,Wednesday,Q2
456,2012-10-18,2012,October,Thursday,Q4
457,2012-03-09,2012,March,Friday,Q1
458,2015-01-25,2015,January,Sunday,Q1
459,2015-06-18,2015,June,Thursday,Q2
460,2014-01-08,2014,January,Wednesday,Q1
461,2014-01-04,2014,January,Saturday,Q1
462,2014-09-24,2014,September,Wednesday,Q3
463,2012-06-21,2012,June,Thursday,Q2
464,2013-08-30,2013,August,Friday,Q3
465,2013-12-18,2013,December,Wednesday,Q4
466,2014-09-25,2014,September,Thursday,Q3
467,2015-03-24,2015,March,Tuesday,Q1
468,2014-01-31,2014,January,Friday,Q1
469,2012-12-02,2012,December,Sunday,Q4
470,2015-05-28,2015,May,Thursday,Q2
471,2015-06-14,2015,June,Sunday,Q2
472,2012-11-11,2012,November,Sunday,Q4
473,2012-08-16,2012,August,Thursday,Q3
474,2013-03-06,2013,March,Wednesday,Q1
475,2013-09-24,2013,September,Tuesday,Q3
476,2014-02-18,2014,February,Tuesday,Q1
477,2015-11-24,2015,November,Tuesday,Q4
478,2015-09-23,2015,September,Wednesday,Q3
479,2015-11-04,2015,November,Wednesday,Q4
480,2013-09-10,2013,September,Tuesday,Q3
481,2012-02-25,2012,February,Saturday,Q1
482,2013-03-28,2013,March,Thursday,Q1
483,2014-07-08,2014,July,Tuesday,Q3
484,2013-06-25,2013,June,Tuesday,Q2
485,2015-01-29,2015,January,Thursday,Q1
486,2013-11-23,2013,November,Saturday,Q4
487,2015-04-11,2015,April,Saturday,Q2
488,2015-11-18,2015,November,Wednesday,Q4
489,2012-12-12,2012,December,Wednesday,Q4
490,2015-10-03,2015,October,Saturday,Q4
491,2012-12-25,2012,December,Tuesday,Q4
492,2015-09-24,2015,September,Thursday,Q3
493,2013-12-01,2013,December,Sunday,Q4
494,2015-09-06,2015,September,Sunday,Q3
495,2015-09-30,2015,September,Wednesday,Q3
496,2015-03-31,2015,March,Tuesday,Q1
497,2013-09-26,2013,September,Thursday,Q3
498,2015-12-30,2015,December,Wednesday,Q4
499,2015-01-20,2015,January,Tuesday,Q1
500,2012-02-28,2012,February,Tuesday,Q1
501,2014-06-03,2014,June,Tuesday,Q2
502,2014-03-05,2014,March,Wednesday,Q1
503,2012-05-22,2012,May,Tuesday,Q2
504,2015-06-21,2015,June,Sunday,Q2
505,2012-01-24,2012,January,Tuesday,Q1
506,2015-12-04,2015,December,Friday,Q4
507,2015-12-08,2015,December,Tuesday,Q4
508,2013-12-11,2013,December,Wednesday,Q4
509,2015-03-05,2015,March,Thursday,Q1
510,2012-09-26,2012,September,Wednesday,Q3
511,2015-12-06,2015,December,Sunday,Q4
512,2013-11-10,2013,November,Sunday,Q4
513,2012-06-07,2012,June,Thursday,Q2
514,2012-10-17,2012,October,Wednesday,Q4
515,2013-04-25,2013,April,Thursday,Q2
516,2013-04-18,2013,April,Thursday,Q2
517,2014-06-04,2014,June,Wednesday,Q2
518,2014-06-24,2014,June,Tuesday,Q2
519,2015-02-13,2015,February,Friday,Q1
520,2013-08-24,2013,August,Saturday,Q3
521,2012-08-18,2012,August,Saturday,Q3
522,2015-03-13,2015,March,Friday,Q1
523,2014-04-04,2014,April,Friday,Q2
524,2015-01-23,2015,January,Friday,Q1
525,2015-05-17,2015,May,Sunday,Q2
526,2014-04-23,2014,April,Wednesday,Q2
527,2013-10-05,2013,October,Saturday,Q4
528,2015-10-29,2015,October,Thursday,Q4
529,2012-11-22,2012,November,Thursday,Q4
530,2015-12-10,2015,December,Thursday,Q4
531,2012-12-08,2012,December,Saturday,Q4
532,2014-12-17,2014,December,Wednesday,Q4
533,2014-10-11,2014,October,Saturday,Q4
534,2015-06-23,2015,June,Tuesday,Q2
535,2015-06-26,2015,June,Friday,Q2
536,2013-09-17,2013,September,Tuesday,Q3
537,2015-11-14,2015,November,Saturday,Q4
538,2015-07-23,2015,July,Thursday,Q3
539,2015-09-04,2015,September,Friday,Q3
540,2013-01-25,2013,January,Friday,Q1
541,2013-07-07,2013,July,Sunday,Q3
542,2012-11-27,2012,November,Tuesday,Q4
543,2013-12-17,2013,December,Tuesday,Q4
544,2015-09-02,2015,September,Wednesday,Q3
545,2014-04-09,2014,April,Wednesday,Q2
546,2015-06-12,2015,June,Friday,Q2
547,2013-11-06,2013,November,Wednesday,Q4
548,2012-09-14,2012,September,Friday,Q3
549,2012-06-25,2012,June,Monday,Q2
550,2013-03-05,2013,March,Tuesday,Q1
551,2014-10-04,2014,October,Saturday,Q4
552,2013-11-08,2013,November,Friday,Q4
553,2013-01-27,2013,January,Sunday,Q1
554,2013-12-19,2013,December,Thursday,Q4
555,2014-10-18,2014,October,Saturday,Q4
556,2015-10-09,2015,October,Friday,Q4
557,2015-08-25,2015,August,Tuesday,Q3
558,2013-03-13,2013,March,Wednesday,Q1
559,2015-12-25,2015,December,Friday,Q4
560,2012-12-28,2012,December,Friday,Q4
561,2015-10-14,2015,October,Wednesday,Q4
562,2015-09-03,2015,September,Thursday,Q3
563,2013-08-15,2013,August,Thursday,Q3
564,2013-01-12,2013,January,Saturday,Q1
565,2012-08-07,2012,August,Tuesday,Q3
566,2012-11-14,2012,November,Wednesday,Q4
567,2013-11-05,2013,November,Tuesday,Q4
568,2013-01-06,2013,January,Sunday,Q1
569,2012-11-28,2012,November,Wednesday,Q4
570,2015-03-09,2015,March,Monday,Q1
571,2013-06-05,2013,June,Wednesday,Q2
572,2012-12-14,2012,December,Friday,Q4
573,2014-10-15,2014,October,Wednesday,Q4
574,2015-09-29,2015,September,Tuesday,Q3
575,2013-03-19,2013,March,Tuesday,Q1
576,2014-05-24,2014,May,Saturday,Q2
577,2012-06-28,2012,June,Thursday,Q2
578,2012-12-13,2012,December,Thursday,Q4
579,2014-08-12,2014,August,Tuesday,Q3
580,2014-10-24,2014,October,Friday,Q4
581,2014-02-20,2014,February,Thursday,Q1
582,2012-12-09,2012,December,Sunday,Q4
583,2014-11-29,2014,November,Saturday,Q4
584,2014-02-09,2014,February,Sunday,Q1
585,2012-05-11,2012,May,Friday,Q2
586,2015-05-26,2015,May,Tuesday,Q2
587,2012-10-25,2012,October,Thursday,Q4
588,2014-05-22,2014,May,Thursday,Q2
589,2012-08-11,2012,August,Saturday,Q3
590,2012-05-02,2012,May,Wednesday,Q2
591,2014-08-26,2014,August,Tuesday,Q3
592,2013-10-01,2013,October,Tuesday,Q4
593,2015-03-28,2015,March,Saturday,Q1
594,2014-11-18,2014,November,Tuesday,Q4
595,2013-03-07,2013,March,Thursday,Q1
596,2014-05-30,2014,May,Friday,Q2
597,2012-08-20,2012,August,Monday,Q3
598,2015-04-01,2015,April,Wednesday,Q2
599,2014-01-19,2014,January,Sunday,Q1
600,2012-05-31,2012,May,Thursday,Q2
601,2015-10-16,2015,October,Friday,Q4
602,2014-01-22,2014,January,Wednesday,Q1
603,2014-10-10,2014,October,Friday,Q4
604,2014-10-25,2014,October,Saturday,Q4
605,2014-10-22,2014,October,Wednesday,Q4
606,2012-02-12,2012,February,Sunday,Q1
607,2014-08-21,2014,August,Thursday,Q3
608,2014-05-28,2014,May,Wednesday,Q2
609,2013-09-07,2013,September,Saturday,Q3
610,2012-06-09,2012,June,Saturday,Q2
611,2015-11-05,2015,November,Thursday,Q4
612,2014-11-22,2014,November,Saturday,Q4
613,2014-12-10,2014,December,Wednesday,Q4
614,2012-11-17,2012,November,Saturday,Q4
615,2013-11-29,2013,November,Friday,Q4
616,2012-05-18,2012,May,Friday,Q2
617,2015-08-15,2015,August,Saturday,Q3
618,2014-09-20,2014,September,Saturday,Q3
619,2015-12-01,2015,December,Tuesday,Q4
620,2012-02-24,2012,February,Friday,Q1
621,2012-06-24,2012,June,Sunday,Q2
622,2013-11-01,2013,November,Friday,Q4
623,2014-07-10,2014,July,Thursday,Q3
624,2013-09-04,2013,September,Wednesday,Q3
625,2013-09-28,2013,September,Saturday,Q3
626,2012-06-05,2012,June,Tuesday,Q2
627,2012-03-14,2012,March,Wednesday,Q1
628,2014-07-04,2014,July,Friday,Q3
629,2015-05-31,2015,May,Sunday,Q2
630,2014-01-09,2014,January,Thursday,Q1
631,2015-07-22,2015,July,Wednesday,Q3
632,2014-05-06,2014,May,Tuesday,Q2
633,2012-08-31,2012,August,Friday,Q3
634,2014-09-11,2014,September,Thursday,Q3
635,2013-09-15,2013,September,Sunday,Q3
636,2014-06-26,2014,June,Thursday,Q2
637,2014-04-08,2014,April,Tuesday,Q2
638,2014-08-06,2014,August,Wednesday,Q3
639,2012-07-21,2012,July,Saturday,Q3
640,2014-02-01,2014,February,Saturday,Q1
641,2013-07-26,2013,July,Friday,Q3
642,2013-03-29,2013,March,Friday,Q1
643,2014-01-25,2014,January,Saturday,Q1
644,2015-06-22,2015,June,Monday,Q2
645,2013-04-02,2013,April,Tuesday,Q2
646,2014-05-25,2014,May,Sunday,Q2
647,2013-12-15,2013,December,Sunday,Q4
648,2013-11-16,2013,November,Saturday,Q4
649,2012-01-05,2012,January,Thursday,Q1
650,2013-04-13,2013,April,Saturday,Q2
651,2013-06-10,2013,June,Monday,Q2
652,2015-10-10,2015,October,Saturday,Q4
653,2015-06-25,2015,June,Thursday,Q2
654,2014-08-16,2014,August,Saturday,Q3
655,2014-07-03,2014,July,Thursday,Q3
656,2014-05-17,2014,May,Saturday,Q2
657,2012-10-10,2012,October,Wednesday,Q4
658,2015-03-21,2015,March,Saturday,Q1
659,2015-08-01,2015,August,Saturday,Q3
660,2013-01-16,2013,January,Wednesday,Q1
661,2013-09-06,2013,September,Friday,Q3
662,2015-12-11,2015,December,Friday,Q4
663,2013-04-28,2013,April,Sunday,Q2
664,2015-05-27,2015,May,Wednesday,Q2
665,2015-07-29,2015,July,Wednesday,Q3
666,2013-10-23,2013,October,Wednesday,Q4
667,2013-05-08,2013,May,Wednesday,Q2
668,2013-05-15,2013,May,Wednesday,Q2
669,2015-04-28,2015,April,Tuesday,Q2
670,2014-05-11,2014,May,Sunday,Q2
671,2015-05-07,2015,May,Thursday,Q2
672,2015-05-23,2015,May,Saturday,Q2
673,2015-03-27,2015,March,Friday,Q1
674,2012-07-31,2012,July,Tuesday,Q3
675,2014-12-21,2014,December,Sunday,Q4
676,2015-11-25,2015,November,Wednesday,Q4
677,2012-06-29,2012,June,Friday,Q2
678,2015-12-26,2015,December,Saturday,Q4
679,2014-05-27,2014,May,Tuesday,Q2
680,2015-06-08,2015,June,Monday,Q2
681,2013-02-13,2013,February,Wednesday,Q1
682,2015-03-25,2015,March,Wednesday,Q1
683,2013-06-30,2013,June,Sunday,Q2
684,2014-08-23,2014,August,Saturday,Q3
685,2015-02-04,2015,February,Wednesday,Q1
686,2012-08-03,2012,August,Friday,Q3
687,2015-09-09,2015,September,Wednesday,Q3
688,2012-06-23,2012,June,Saturday,Q2
689,2012-01-11,2012,January,Wednesday,Q1
690,2014-05-15,2014,May,Thursday,Q2
691,2014-07-22,2014,July,Tuesday,Q3
692,2014-01-01,2014,January,Wednesday,Q1
693,2015-07-30,2015,July,Thursday,Q3
694,2014-11-01,2014,November,Saturday,Q4
695,2012-08-17,2012,August,Friday,Q3
696,2012-10-06,2012,October,Saturday,Q4
697,2013-11-20,2013,November,Wednesday,Q4
698,2012-07-22,2012,July,Sunday,Q3
699,2013-04-20,2013,April,Saturday,Q2
700,2013-01-24,2013,January,Thursday,Q1
701,2013-04-04,2013,April,Thursday,Q2
702,2012-06-03,2012,June,Sunday,Q2
703,2014-01-20,2014,January,Monday,Q1
704,2015-09-15,2015,September,Tuesday,Q3
705,2012-05-13,2012,May,Sunday,Q2
706,2012-12-22,2012,December,Saturday,Q4
707,2012-06-19,2012,June,Tuesday,Q2
708,2012-06-01,2012,June,Friday,Q2
709,2013-09-03,2013,September,Tuesday,Q3
710,2014-03-06,2014,March,Thursday,Q1
711,2014-08-07,2014,August,Thursday,Q3
712,2015-09-27,2015,September,Sunday,Q3
713,2012-07-19,2012,July,Thursday,Q3
714,2012-05-30,2012,May,Wednesday,Q2
715,2012-08-04,2012,August,Saturday,Q3
716,2014-11-21,2014,November,Friday,Q4
717,2015-05-06,2015,May,Wednesday,Q2
718,2014-11-12,2014,November,Wednesday,Q4
719,2014-10-23,2014,October,Thursday,Q4
720,2013-02-20,2013,February,Wednesday,Q1
721,2014-04-25,2014,April,Friday,Q2
722,2014-06-15,2014,June,Sunday,Q2
723,2015-12-12,2015,December,Saturday,Q4
724,2014-10-29,2014,October,Wednesday,Q4
725,2015-08-16,2015,August,Sunday,Q3
726,2015-04-22,2015,April,Wednesday,Q2
727,2014-06-19,2014,June,Thursday,Q2
728,2015-07-26,2015,July,Sunday,Q3
729,2015-12-23,2015,December,Wednesday,Q4
730,2015-03-03,2015,March,Tuesday,Q1
731,2015-06-11,2015,June,Thursday,Q2
732,2013-10-09,2013,October,Wednesday,Q4
733,2013-01-07,2013,January,Monday,Q1
734,2013-12-05,2013,December,Thursday,Q4
735,2015-01-24,2015,January,Saturday,Q1
736,2012-07-27,2012,July,Friday,Q3
737,2015-03-04,2015,March,Wednesday,Q1
738,2014-11-06,2014,November,Thursday,Q4
739,2012-10-14,2012,October,Sunday,Q4
740,2012-07-29,2012,July,Sunday,Q3
741,2014-03-12,2014,March,Wednesday,Q1
742,2013-03-15,2013,March,Friday,Q1
743,2013-05-16,2013,May,Thursday,Q2
744,2014-12-14,2014,December,Sunday,Q4
745,2014-03-23,2014,March,Sunday,Q1
746,2012-04-25,2012,April,Wednesday,Q2
747,2014-06-21,2014,June,Saturday,Q2
748,2015-02-25,2015,February,Wednesday,Q1
749,2014-05-10,2014,May,Saturday,Q2
750,2015-07-02,2015,July,Thursday,Q3
751,2015-02-21,2015,February,Saturday,Q1
752,2014-12-06,2014,December,Saturday,Q4
753,2014-08-14,2014,August,Thursday,Q3
754,2014-03-25,2014,March,Tuesday,Q1
755,2013-11-24,2013,November,Sunday,Q4
756,2012-09-23,2012,September,Sunday,Q3
757,2014-06-30,2014,June,Monday,Q2
758,2013-08-25,2013,August,Sunday,Q3
759,2014-01-10,2014,January,Friday,Q1
760,2015-02-07,2015,February,Saturday,Q1
761,2012-09-24,2012,September,Monday,Q3
762,2014-03-04,2014,March,Tuesday,Q1
763,2012-07-06,2012,July,Friday,Q3
764,2014-07-23,2014,July,Wednesday,Q3
765,2014-01-18,2014,January,Saturday,Q1
766,2015-12-27,2015,December,Sunday,Q4
767,2012-07-15,2012,July,Sunday,Q3
768,2015-07-24,2015,July,Friday,Q3
769,2015-06-30,2015,June,Tuesday,Q2
770,2013-06-26,2013,June,Wednesday,Q2
771,2013-11-15,2013,November,Friday,Q4
772,2014-02-06,2014,February,Thursday,Q1
773,2012-04-17,2012,April,Tuesday,Q2
774,2013-07-09,2013,July,Tuesday,Q3
775,2012-09-15,2012,September,Saturday,Q3
776,2015-08-13,2015,August,Thursday,Q3
777,2013-01-11,2013,January,Friday,Q1
778,2013-06-04,2013,June,Tuesday,Q2
779,2012-06-30,2012,June,Saturday,Q2
780,2014-11-30,2014,November,Sunday,Q4
781,2013-06-08,2013,June,Saturday,Q2
782,2012-02-18,2012,February,Saturday,Q1
783,2014-08-04,2014,August,Monday,Q3
784,2014-04-01,2014,April,Tuesday,Q2
785,2014-10-27,2014,October,Monday,Q4
786,2012-09-05,2012,September,Wednesday,Q3
787,2012-01-17,2012,January,Tuesday,Q1
788,2012-08-25,2012,August,Saturday,Q3
789,2012-10-31,2012,October,Wednesday,Q4
790,2013-02-07,2013,February,Thursday,Q1
791,2013-04-24,2013,April,Wednesday,Q2
792,2012-08-14,2012,August,Tuesday,Q3
793,2015-01-17,2015,January,Saturday,Q1
794,2013-05-31,2013,May,Friday,Q2
795,2015-06-19,2015,June,Friday,Q2
796,2013-07-27,2013,July,Saturday,Q3
797,2012-12-29,2012,December,Saturday,Q4
798,2012-06-15,2012,June,Friday,Q2
799,2014-11-16,2014,November,Sunday,Q4
800,2013-03-23,2013,March,Saturday,Q1
801,2015-01-04,2015,January,Sunday,Q1
802,2013-04-10,2013,April,Wednesday,Q2
803,2013-11-22,2013,November,Friday,Q4
804,2014-07-16,2014,July,Wednesday,Q3
805,2014-02-11,2014,February,Tuesday,Q1
806,2014-07-17,2014,July,Thursday,Q3
807,2012-11-30,2012,November,Friday,Q4
808,2012-02-02,2012,February,Thursday,Q1
809,2012-04-03,2012,April,Tuesday,Q2
810,2012-10-13,2012,October,Saturday,Q4
811,2012-08-12,2012,August,Sunday,Q3
812,2013-07-20,2013,July,Saturday,Q3
813,2015-06-13,2015,June,Saturday,Q2
814,2015-08-24,2015,August,Monday,Q3
815,2013-07-06,2013,July,Saturday,Q3
816,2013-09-21,2013,September,Saturday,Q3
817,2013-02-02,2013,February,Saturday,Q1
818,2012-09-25,2012,September,Tuesday,Q3
819,2012-03-21,2012,March,Wednesday,Q1
820,2013-08-23,2013,August,Friday,Q3
821,2013-09-27,2013,September,Friday,Q3
822,2014-03-01,2014,March,Saturday,Q1
823,2015-11-17,2015,November,Tuesday,Q4
824,2013-03-02,2013,March,Saturday,Q1
825,2013-07-11,2013,July,Thursday,Q3
826,2015-05-21,2015,May,Thursday,Q2
827,2012-10-23,2012,October,Tuesday,Q4
828,2012-04-10,2012,April,Tuesday,Q2
829,2012-02-29,2012,February,Wednesday,Q1
830,2012-04-20,2012,April,Friday,Q2
831,2013-11-02,2013,November,Saturday,Q4
832,2013-10-22,2013,October,Tuesday,Q4
833,2012-04-18,2012,April,Wednesday,Q2
834,2015-10-20,2015,October,Tuesday,Q4
835,2013-03-20,2013,March,Wednesday,Q1
836,2012-11-20,2012,November,Tuesday,Q4
837,2012-09-06,2012,September,Thursday,Q3
838,2013-12-14,2013,December,Saturday,Q4
839,2013-06-22,2013,June,Saturday,Q2
840,2015-10-21,2015,October,Wednesday,Q4
841,2013-12-28,2013,December,Saturday,Q4
842,2013-10-19,2013,October,Saturday,Q4
843,2012-07-07,2012,July,Saturday,Q3
844,2015-02-03,2015,February,Tuesday,Q1
845,2013-05-05,2013,May,Sunday,Q2
846,2013-04-16,2013,April,Tuesday,Q2
847,2014-07-29,2014,July,Tuesday,Q3
848,2014-01-16,2014,January,Thursday,Q1
849,2014-04-13,2014,April,Sunday,Q2
850,2012-09-02,2012,September,Sunday,Q3
851,2012-06-27,2012,June,Wednesday,Q2
852,2015-05-02,2015,May,Saturday,Q2
853,2012-01-23,2012,January,Monday,Q1
854,2012-03-07,2012,March,Wednesday,Q1
855,2013-11-27,2013,November,Wednesday,Q4
856,2013-07-31,2013,July,Wednesday,Q3
857,2012-10-02,2012,October,Tuesday,Q4
858,2013-03-27,2013,March,Wednesday,Q1
859,2012-01-19,2012,January,Thursday,Q1
860,2014-12-04,2014,December,Thursday,Q4
861,2013-01-21,2013,January,Monday,Q1
862,2015-11-16,2015,November,Monday,Q4
863,2015-04-25,2015,April,Saturday,Q2
864,2013-05-29,2013,May,Wednesday,Q2
865,2014-05-09,2014,May,Friday,Q2
866,2012-07-11,2012,July,Wednesday,Q3
867,2013-06-29,2013,June,Saturday,Q2
868,2014-02-23,2014,February,Sunday,Q1
869,2015-10-01,2015,October,Thursday,Q4
870,2014-11-17,2014,November,Monday,Q4
871,2012-08-10,2012,August,Friday,Q3
872,2012-07-20,2012,July,Friday,Q3
873,2014-02-22,2014,February,Saturday,Q1
874,2012-11-23,2012,November,Friday,Q4
875,2012-10-30,2012,October,Tuesday,Q4
876,2014-03-27,2014,March,Thursday,Q1
877,2015-03-22,2015,March,Sunday,Q1
878,2015-03-12,2015,March,Thursday,Q1
879,2015-08-21,2015,August,Friday,Q3
880,2014-09-23,2014,September,Tuesday,Q3
881,2012-12-20,2012,December,Thursday,Q4
882,2013-06-07,2013,June,Friday,Q2
883,2015-05-10,2015,May,Sunday,Q2
884,2013-01-02,2013,January,Wednesday,Q1
885,2014-08-10,2014,August,Sunday,Q3
886,2015-02-20,2015,February,Friday,Q1
887,2014-10-03,2014,October,Friday,Q4
888,2015-01-15,2015,January,Thursday,Q1
889,2013-01-22,2013,January,Tuesday,Q1
890,2014-09-06,2014,September,Saturday,Q3
891,2012-11-01,2012,November,Thursday,Q4
892,2015-09-25,2015,September,Friday,Q3
893,2014-07-18,2014,July,Friday,Q3
894,2015-08-30,2015,August,Sunday,Q3
895,2012-03-20,2012,March,Tuesday,Q1
896,2012-09-11,2012,September,Tuesday,Q3
897,2015-06-04,2015,June,Thursday,Q2
898,2013-10-15,2013,October,Tuesday,Q4
899,2012-10-03,2012,October,Wednesday,Q4
900,2013-04-30,2013,April,Tuesday,Q2
901,2015-06-07,2015,June,Sunday,Q2
902,2013-11-11,2013,November,Monday,Q4
903,2014-12-25,2014,December,Thursday,Q4
904,2013-10-24,2013,October,Thursday,Q4
905,2012-04-11,2012,April,Wednesday,Q2
906,2015-08-19,2015,August,Wednesday,Q3
907,2013-01-03,2013,January,Thursday,Q1
908,2012-01-18,2012,January,Wednesday,Q1
909,2013-08-18,2013,August,Sunday,Q3
910,2013-05-21,2013,May,Tuesday,Q2
911,2015-01-16,2015,January,Friday,Q1
912,2013-08-26,2013,August,Monday,Q3
913,2013-10-26,2013,October,Saturday,Q4
914,2014-02-07,2014,February,Friday,Q1
915,2012-06-08,2012,June,Friday,Q2
916,2012-08-21,2012,August,Tuesday,Q3
917,2015-03-10,2015,March,Tuesday,Q1
918,2015-08-22,2015,August,Saturday,Q3
919,2013-04-06,2013,April,Saturday,Q2
920,2014-07-06,2014,July,Sunday,Q3
921,2013-08-13,2013,August,Tuesday,Q3
922,2015-02-23,2015,February,Monday,Q1
923,2013-09-19,2013,September,Thursday,Q3
924,2012-12-18,2012,December,Tuesday,Q4
925,2012-07-24,2012,July,Tuesday,Q3
926,2012-01-31,2012,January,Tuesday,Q1
927,2014-07-02,2014,July,Wednesday,Q3
928,2012-10-21,2012,October,Sunday,Q4
929,2012-08-24,2012,August,Friday,Q3
930,2013-06-06,2013,June,Thursday,Q2
931,2014-12-27,2014,December,Saturday,Q4
932,2014-11-26,2014,November,Wednesday,Q4
933,2012-10-04,2012,October,Thursday,Q4
934,2013-10-29,2013,October,Tuesday,Q4
935,2014-05-07,2014,May,Wednesday,Q2
936,2014-05-23,2014,May,Friday,Q2
937,2012-10-09,2012,October,Tuesday,Q4
938,2014-01-11,2014,January,Saturday,Q1
939,2012-10-20,2012,October,Saturday,Q4
940,2014-11-08,2014,November,Saturday,Q4
941,2015-04-23,2015,April,Thursday,Q2
942,2012-01-03,2012,January,Tuesday,Q1
943,2013-10-18,2013,October,Friday,Q4
944,2015-01-21,2015,January,Wednesday,Q1
945,2014-02-19,2014,February,Wednesday,Q1
946,2014-12-13,2014,December,Saturday,Q4
947,2013-08-14,2013,August,Wednesday,Q3
948,2014-09-29,2014,September,Monday,Q3
949,2013-06-27,2013,June,Thursday,Q2
950,2015-04-12,2015,April,Sunday,Q2
951,2014-09-04,2014,September,Thursday,Q3
952,2013-04-11,2013,April,Thursday,Q2
953,2015-03-20,2015,March,Friday,Q1
954,2014-08-28,2014,August,Thursday,Q3
955,2015-08-08,2015,August,Saturday,Q3
956,2012-03-31,2012,March,Saturday,Q1
957,2012-04-04,2012,April,Wednesday,Q2
958,2015-10-08,2015,October,Thursday,Q4
959,2013-07-12,2013,July,Friday,Q3
960,2015-04-18,2015,April,Saturday,Q2
961,2013-09-05,2013,September,Thursday,Q3
962,2015-07-07,2015,July,Tuesday,Q3
963,2013-05-03,2013,May,Friday,Q2
964,2015-10-30,2015,October,Friday,Q4
965,2014-08-13,2014,August,Wednesday,Q3
966,2013-02-17,2013,February,Sunday,Q1
967,2013-02-12,2013,February,Tuesday,Q1
968,2013-02-14,2013,February,Thursday,Q1
969,2015-01-11,2015,January,Sunday,Q1
970,2013-05-02,2013,May,Thursday,Q2
971,2015-02-06,2015,February,Friday,Q1
972,2015-11-10,2015,November,Tuesday,Q4
973,2012-11-07,2012,November,Wednesday,Q4
974,2012-12-04,2012,December,Tuesday,Q4
975,2013-07-16,2013,July,Tuesday,Q3
976,2012-03-24,2012,March,Saturday,Q1
977,2014-04-11,2014,April,Friday,Q2
978,2012-03-28,2012,March,Wednesday,Q1
979,2013-08-11,2013,August,Sunday,Q3
980,2013-12-22,2013,December,Sunday,Q4
981,2012-06-12,2012,June,Tuesday,Q2
982,2013-10-03,2013,October,Thursday,Q4
983,2014-05-20,2014,May,Tuesday,Q2
984,2012-07-12,2012,July,Thursday,Q3
985,2015-10-18,2015,October,Sunday,Q4
986,2013-09-22,2013,September,Sunday,Q3
987,2014-07-12,2014,July,Saturday,Q3
988,2015-05-25,2015,May,Monday,Q2
989,2014-07-13,2014,July,Sunday,Q3
990,2014-08-29,2014,August,Friday,Q3
991,2015-01-10,2015,January,Saturday,Q1
992,2014-07-05,2014,July,Saturday,Q3
993,2013-06-02,2013,June,Sunday,Q2
994,2015-07-15,2015,July,Wednesday,Q3
995,2012-11-16,2012,November,Friday,Q4
996,2013-09-25,2013,September,Wednesday,Q3
997,2013-11-17,2013,November,Sunday,Q4
998,2012-01-04,2012,January,Wednesday,Q1
999,2012-07-25,2012,July,Wednesday,Q3
1000,2012-05-17,2012,May,Thursday,Q2
1001,2013-10-27,2013,October,Sunday,Q4
1002,2013-08-21,2013,August,Wednesday,Q3
1003,2013-02-21,2013,February,Thursday,Q1
1004,2012-02-09,2012,February,Thursday,Q1
1005,2015-03-08,2015,March,Sunday,Q1
1006,2012-02-26,2012,February,Sunday,Q1
1007,2012-07-03,2012,July,Tuesday,Q3
1008,2013-06-01,2013,June,Saturday,Q2
1009,2015-02-28,2015,February,Saturday,Q1
1010,2013-11-26,2013,November,Tuesday,Q4
1011,2012-12-11,2012,December,Tuesday,Q4
1012,2014-06-23,2014,June,Monday,Q2
1013,2013-09-12,2013,September,Thursday,Q3
1014,2014-01-03,2014,January,Friday,Q1
1015,2014-09-28,2014,September,Sunday,Q3
1016,2014-10-07,2014,October,Tuesday,Q4
1017,2014-11-09,2014,November,Sunday,Q4
1018,2015-06-01,2015,June,Monday,Q2
1019,2012-12-15,2012,December,Saturday,Q4
1020,2012-12-10,2012,December,Monday,Q4
1021,2013-03-16,2013,March,Saturday,Q1
1022,2014-03-18,2014,March,Tuesday,Q1
1023,2014-07-19,2014,July,Saturday,Q3
1024,2015-01-01,2015,January,Thursday,Q1
1025,2014-03-22,2014,March,Saturday,Q1
1026,2014-01-14,2014,January,Tuesday,Q1
1027,2012-09-18,2012,September,Tuesday,Q3
1028,2015-01-06,2015,January,Tuesday,Q1
1029,2012-09-29,2012,September,Saturday,Q3
1030,2013-04-23,2013,April,Tuesday,Q2
1031,2015-04-29,2015,April,Wednesday,Q2
1032,2015-08-27,2015,August,Thursday,Q3
1033,2013-07-24,2013,July,Wednesday,Q3
1034,2015-08-09,2015,August,Sunday,Q3
1035,2014-04-17,2014,April,Thursday,Q2
1036,2013-01-04,2013,January,Friday,Q1
1037,2013-01-13,2013,January,Sunday,Q1
1038,2013-11-12,2013,November,Tuesday,Q4
1039,2012-04-01,2012,April,Sunday,Q2
1040,2013-10-06,2013,October,Sunday,Q4
1041,2014-10-05,2014,October,Sunday,Q4
1042,2014-11-02,2014,November,Sunday,Q4
1043,2014-05-08,2014,May,Thursday,Q2
1044,2013-05-12,2013,May,Sunday,Q2
1045,2013-08-05,2013,August,Monday,Q3
1046,2015-06-05,2015,June,Friday,Q2
1047,2015-04-05,2015,April,Sunday,Q2
1048,2015-10-19,2015,October,Monday,Q4
1049,2015-02-19,2015,February,Thursday,Q1
1050,2014-07-24,2014,July,Thursday,Q3
1051,2013-03-09,2013,March,Saturday,Q1
1052,2013-02-08,2013,February,Friday,Q1
1053,2013-12-09,2013,December,Monday,Q4
1054,2012-05-27,2012,May,Sunday,Q2
1055,2015-01-07,2015,January,Wednesday,Q1
1056,2015-01-13,2015,January,Tuesday,Q1
1057,2012-01-22,2012,January,Sunday,Q1
1058,2015-04-08,2015,April,Wednesday,Q2
1059,2013-03-26,2013,March,Tuesday,Q1
1060,2013-02-06,2013,February,Wednesday,Q1
1061,2012-03-29,2012,March,Thursday,Q1
1062,2012-03-23,2012,March,Friday,Q1
1063,2012-06-22,2012,June,Friday,Q2
1064,2012-08-30,2012,August,Thursday,Q3
1065,2013-11-14,2013,November,Thursday,Q4
1066,2014-12-07,2014,December,Sunday,Q4
1067,2014-11-20,2014,November,Thursday,Q4
1068,2015-04-26,2015,April,Sunday,Q2
1069,2015-02-26,2015,February,Thursday,Q1
1070,2012-09-30,2012,September,Sunday,Q3
1071,2012-04-13,2012,April,Friday,Q2
1072,2013-06-28,2013,June,Friday,Q2
1073,2012-01-26,2012,January,Thursday,Q1
1074,2014-10-08,2014,October,Wednesday,Q4
1075,2015-07-01,2015,July,Wednesday,Q3
1076,2013-04-26,2013,April,Friday,Q2
1077,2014-10-13,2014,October,Monday,Q4
1078,2012-01-15,2012,January,Sunday,Q1
1079,2013-12-24,2013,December,Tuesday,Q4
1080,2014-06-29,2014,June,Sunday,Q2
1081,2014-07-14,2014,July,Monday,Q3
1082,2013-01-08,2013,January,Tuesday,Q1
1083,2015-07-08,2015,July,Wednesday,Q3
1084,2013-10-20,2013,October,Sunday,Q4
1085,2012-10-11,2012,October,Thursday,Q4
1086,2012-05-04,2012,May,Friday,Q2
1087,2015-06-29,2015,June,Monday,Q2
1088,2013-10-07,2013,October,Monday,Q4
1089,2012-03-16,2012,March,Friday,Q1
1090,2013-06-09,2013,June,Sunday,Q2
1091,2012-09-08,2012,September,Saturday,Q3
1092,2014-07-31,2014,July,Thursday,Q3
1093,2012-01-20,2012,January,Friday,Q1
1094,2015-07-25,2015,July,Saturday,Q3
1095,2012-09-16,2012,September,Sunday,Q3
1096,2012-04-06,2012,April,Friday,Q2
1097,2014-04-20,2014,April,Sunday,Q2
1098,2013-05-18,2013,May,Saturday,Q2
1099,2015-03-07,2015,March,Saturday,Q1
1100,2012-06-13,2012,June,Wednesday,Q2
1101,2012-09-10,2012,September,Monday,Q3
1102,2013-02-09,2013,February,Saturday,Q1
1103,2014-04-22,2014,April,Tuesday,Q2
1104,2013-04-27,2013,April,Saturday,Q2
1105,2014-09-15,2014,September,Monday,Q3
1106,2012-02-22,2012,February,Wednesday,Q1
1107,2014-04-27,2014,April,Sunday,Q2
1108,2014-01-24,2014,January,Friday,Q1
1109,2013-07-14,2013,July,Sunday,Q3
1110,2012-09-12,2012,September,Wednesday,Q3
1111,2012-08-01,2012,August,Wednesday,Q3
1112,2013-03-08,2013,March,Friday,Q1
1113,2015-02-18,2015,February,Wednesday,Q1
1114,2012-03-03,2012,March,Saturday,Q1
1115,2012-05-25,2012,May,Friday,Q2
1116,2012-04-27,2012,April,Friday,Q2
1117,2013-12-08,2013,December,Sunday,Q4
1118,2013-01-19,2013,January,Saturday,Q1
1119,2014-04-02,2014,April,Wednesday,Q2
1120,2012-05-09,2012,May,Wednesday,Q2
1121,2015-09-10,2015,September,Thursday,Q3
1122,2014-02-25,2014,February,Tuesday,Q1
1123,2014-07-28,2014,July,Monday,Q3
1124,2012-12-01,2012,December,Saturday,Q4
1125,2013-04-09,2013,April,Tuesday,Q2
1126,2014-04-24,2014,April,Thursday,Q2
1127,2012-09-04,2012,September,Tuesday,Q3
1128,2014-06-16,2014,June,Monday,Q2
1129,2014-01-17,2014,January,Friday,Q1
1130,2012-03-17,2012,March,Saturday,Q1
1131,2014-04-03,2014,April,Thursday,Q2
1132,2012-10-07,2012,October,Sunday,Q4
1133,2013-03-12,2013,March,Tuesday,Q1
1134,2012-04-24,2012,April,Tuesday,Q2
1135,2014-03-15,2014,March,Saturday,Q1
1136,2015-02-05,2015,February,Thursday,Q1
1137,2015-04-10,2015,April,Friday,Q2
1138,2015-10-22,2015,October,Thursday,Q4
1139,2012-02-21,2012,February,Tuesday,Q1
1140,2012-05-08,2012,May,Tuesday,Q2
1141,2012-04-19,2012,April,Thursday,Q2
1142,2014-02-12,2014,February,Wednesday,Q1
1143,2014-05-18,2014,May,Sunday,Q2
1144,2012-05-19,2012,May,Saturday,Q2
1145,2012-08-26,2012,August,Sunday,Q3
1146,2014-04-06,2014,April,Sunday,Q2
1147,2012-07-10,2012,July,Tuesday,Q3
1148,2015-05-30,2015,May,Saturday,Q2
1149,2013-03-22,2013,March,Friday,Q1
1150,2012-09-28,2012,September,Friday,Q3
1151,2014-08-08,2014,August,Friday,Q3
1152,2012-08-22,2012,August,Wednesday,Q3
1153,2012-01-13,2012,January,Friday,Q1
1154,2012-05-05,2012,May,Saturday,Q2
1155,2012-07-28,2012,July,Saturday,Q3
1156,2013-03-31,2013,March,Sunday,Q1
1157,2014-08-03,2014,August,Sunday,Q3
1158,2012-05-26,2012,May,Saturday,Q2
1159,2013-09-09,2013,September,Monday,Q3
1160,2015-05-03,2015,May,Sunday,Q2
1161,2013-10-31,2013,October,Thursday,Q4
1162,2015-04-20,2015,April,Monday,Q2
1163,2015-01-22,2015,January,Thursday,Q1
1164,2015-11-23,2015,November,Monday,Q4
1165,2015-07-28,2015,July,Tuesday,Q3
1166,2013-07-10,2013,July,Wednesday,Q3
1167,2015-01-09,2015,January,Friday,Q1
1168,2012-09-09,2012,September,Sunday,Q3
1169,2013-04-17,2013,April,Wednesday,Q2
1170,2015-11-15,2015,November,Sunday,Q4
1171,2013-07-02,2013,July,Tuesday,Q3
1172,2013-12-16,2013,December,Monday,Q4
1173,2012-08-23,2012,August,Thursday,Q3
1174,2013-01-20,2013,January,Sunday,Q1
1175,2014-04-10,2014,April,Thursday,Q2
1176,2014-04-19,2014,April,Saturday,Q2
1177,2014-07-09,2014,July,Wednesday,Q3
1178,2014-04-15,2014,April,Tuesday,Q2
1179,2013-07-01,2013,July,Monday,Q3
1180,2013-10-08,2013,October,Tuesday,Q4
1181,2015-02-22,2015,February,Sunday,Q1
1182,2015-07-16,2015,July,Thursday,Q3
1183,2015-05-04,2015,May,Monday,Q2
1184,2013-07-05,2013,July,Friday,Q3
1185,2014-05-05,2014,May,Monday,Q2
1186,2014-12-28,2014,December,Sunday,Q4
1187,2013-03-01,2013,March,Friday,Q1
1188,2013-04-03,2013,April,Wednesday,Q2
1189,2014-08-09,2014,August,Saturday,Q3
1190,2013-07-25,2013,July,Thursday,Q3
1191,2013-01-18,2013,January,Friday,Q1
1192,2015-04-27,2015,April,Monday,Q2
1193,2015-04-19,2015,April,Sunday,Q2
1194,2012-05-24,2012,May,Thursday,Q2
1195,2012-10-15,2012,October,Monday,Q4
1196,2012-02-04,2012,February,Saturday,Q1
1197,2015-12-14,2015,December,Monday,Q4
1198,2012-10-08,2012,October,Monday,Q4
1199,2012-04-14,2012,April,Saturday,Q2
1200,2013-10-21,2013,October,Monday,Q4
1201,2012-04-28,2012,April,Saturday,Q2
1202,2014-02-16,2014,February,Sunday,Q1
1203,2013-02-16,2013,February,Saturday,Q1
1204,2014-03-16,2014,March,Sunday,Q1
1205,2013-04-07,2013,April,Sunday,Q2
1206,2012-06-04,2012,June,Monday,Q2
1207,2012-07-05,2012,July,Thursday,Q3
1208,2012-01-30,2012,January,Monday,Q1
1209,2013-07-30,2013,July,Tuesday,Q3
1210,2014-12-05,2014,December,Friday,Q4
1211,2014-10-26,2014,October,Sunday,Q4
1212,2012-10-19,2012,October,Friday,Q4
1213,2012-03-22,2012,March,Thursday,Q1
1214,2013-04-21,2013,April,Sunday,Q2
1215,2013-09-08,2013,September,Sunday,Q3
1216,2013-05-01,2013,May,Wednesday,Q2
1217,2013-02-19,2013,February,Tuesday,Q1
1218,2014-04-07,2014,April,Monday,Q2
1219,2013-05-26,2013,May,Sunday,Q2
1220,2013-05-13,2013,May,Monday,Q2
1221,2013-09-01,2013,September,Sunday,Q3
1222,2015-05-12,2015,May,Tuesday,Q2
1223,2015-04-06,2015,April,Monday,Q2
1224,2012-04-12,2012,April,Thursday,Q2
1225,2015-01-26,2015,January,Monday,Q1
1226,2014-09-18,2014,September,Thursday,Q3
1227,2012-09-17,2012,September,Monday,Q3
1228,2015-11-30,2015,November,Monday,Q4
1229,2012-07-08,2012,July,Sunday,Q3
1230,2013-03-24,2013,March,Sunday,Q1
1231,2015-04-04,2015,April,Saturday,Q2
1232,2013-05-14,2013,May,Tuesday,Q2
1233,2014-05-13,2014,May,Tuesday,Q2
1234,2013-12-29,2013,December,Sunday,Q4
1235,2012-02-01,2012,February,Wednesday,Q1
1236,2015-07-27,2015,July,Monday,Q3
1237,2013-09-16,2013,September,Monday,Q3
1238,2015-01-02,2015,January,Friday,Q1
1239,2013-10-16,2013,October,Wednesday,Q4
1240,2013-02-15,2013,February,Friday,Q1
1241,2012-02-27,2012,February,Monday,Q1
1242,2012-01-12,2012,January,Thursday,Q1
1243,2013-12-10,2013,December,Tuesday,Q4
1244,2012-10-28,2012,October,Sunday,Q4
1245,2015-04-13,2015,April,Monday,Q2
1246,2014-02-28,2014,February,Friday,Q1
1247,2015-06-15,2015,June,Monday,Q2
1248,2012-01-14,2012,January,Saturday,Q1
1249,2015-03-01,2015,March,Sunday,Q1
1250,2015-02-15,2015,February,Sunday,Q1
1251,2012-01-07,2012,January,Saturday,Q1
1252,2013-01-31,2013,January,Thursday,Q1
1253,2012-07-14,2012,July,Saturday,Q3
1254,2012-03-01,2012,March,Thursday,Q1
1255,2014-02-15,2014,February,Saturday,Q1
1256,2012-01-28,2012,January,Saturday,Q1
1257,2013-01-23,2013,January,Wednesday,Q1
1258,2014-05-02,2014,May,Friday,Q2
1259,2014-03-07,2014,March,Friday,Q1
1260,2014-01-30,2014,January,Thursday,Q1
1261,2012-03-27,2012,March,Tuesday,Q1
1262,2015-01-27,2015,January,Tuesday,Q1
1263,2013-12-23,2013,December,Monday,Q4
1264,2014-03-31,2014,March,Monday,Q1
1265,2014-12-22,2014,December,Monday,Q4
1266,2015-11-09,2015,November,Monday,Q4
1267,2012-05-15,2012,May,Tuesday,Q2
1268,2012-05-06,2012,May,Sunday,Q2
1269,2013-04-29,2013,April,Monday,Q2
1270,2014-10-20,2014,October,Monday,Q4
1271,2015-10-05,2015,October,Monday,Q4
1272,2014-03-28,2014,March,Friday,Q1
1273,2012-06-26,2012,June,Tuesday,Q2
1274,2013-03-11,2013,March,Monday,Q1
1275,2013-01-26,2013,January,Saturday,Q1
1276,2014-02-04,2014,February,Tuesday,Q1
1277,2014-03-09,2014,March,Sunday,Q1
1278,2014-12-15,2014,December,Monday,Q4
1279,2015-05-14,2015,May,Thursday,Q2
1280,2013-01-17,2013,January,Thursday,Q1
1281,2015-08-31,2015,August,Monday,Q3
1282,2014-02-13,2014,February,Thursday,Q1
1283,2014-06-02,2014,June,Monday,Q2
1284,2013-08-04,2013,August,Sunday,Q3
1285,2013-09-02,2013,September,Monday,Q3
1286,2015-08-17,2015,August,Monday,Q3
1287,2013-05-06,2013,May,Monday,Q2
1288,2013-01-29,2013,January,Tuesday,Q1
1289,2013-11-03,2013,November,Sunday,Q4
1290,2012-05-10,2012,May,Thursday,Q2
1291,2013-01-28,2013,January,Monday,Q1
1292,2013-07-19,2013,July,Friday,Q3
1293,2014-09-07,2014,September,Sunday,Q3
1294,2014-12-01,2014,December,Monday,Q4
1295,2013-02-27,2013,February,Wednesday,Q1
1296,2013-04-15,2013,April,Monday,Q2
1297,2014-04-14,2014,April,Monday,Q2
1298,2014-01-26,2014,January,Sunday,Q1
1299,2015-12-28,2015,December,Monday,Q4
1300,2015-07-13,2015,July,Monday,Q3
1301,2015-08-03,2015,August,Monday,Q3
1302,2012-01-06,2012,January,Friday,Q1
1303,2014-03-26,2014,March,Wednesday,Q1
1304,2013-09-30,2013,September,Monday,Q3
1305,2014-02-10,2014,February,Monday,Q1
1306,2013-06-17,2013,June,Monday,Q2
1307,2012-04-02,2012,April,Monday,Q2
1308,2012-03-25,2012,March,Sunday,Q1
1309,2014-09-08,2014,September,Monday,Q3
1310,2012-01-27,2012,January,Friday,Q1
1311,2012-08-19,2012,August,Sunday,Q3
1312,2013-07-28,2013,July,Sunday,Q3
1313,2015-05-11,2015,May,Monday,Q2
1314,2015-09-14,2015,September,Monday,Q3
1315,2012-05-07,2012,May,Monday,Q2
1316,2014-05-19,2014,May,Monday,Q2
1317,2012-01-01,2012,January,Sunday,Q1
1318,2014-12-29,2014,December,Monday,Q4
1319,2012-01-09,2012,January,Monday,Q1
1320,2012-12-03,2012,December,Monday,Q4
1321,2014-01-06,2014,January,Monday,Q1
1322,2012-01-25,2012,January,Wednesday,Q1
1323,2013-09-11,2013,September,Wednesday,Q3
1324,2012-04-08,2012,April,Sunday,Q2
1325,2015-02-01,2015,February,Sunday,Q1
1326,2012-03-15,2012,March,Thursday,Q1
1327,2012-07-30,2012,July,Monday,Q3
1328,2012-02-08,2012,February,Wednesday,Q1
1329,2012-01-29,2012,January,Sunday,Q1
1330,2013-04-01,2013,April,Monday,Q2
1331,2015-09-21,2015,September,Monday,Q3
1332,2012-07-04,2012,July,Wednesday,Q3
1333,2013-07-21,2013,July,Sunday,Q3
1334,2014-03-24,2014,March,Monday,Q1
1335,2015-01-05,2015,January,Monday,Q1
1336,2013-11-04,2013,November,Monday,Q4
1337,2013-03-03,2013,March,Sunday,Q1
1338,2015-03-23,2015,March,Monday,Q1
1339,2013-12-30,2013,December,Monday,Q4
1340,2012-02-17,2012,February,Friday,Q1
1341,2012-04-29,2012,April,Sunday,Q2
1342,2012-05-14,2012,May,Monday,Q2
1343,2013-08-12,2013,August,Monday,Q3
1344,2013-03-10,2013,March,Sunday,Q1
1345,2012-02-07,2012,February,Tuesday,Q1
1346,2015-03-29,2015,March,Sunday,Q1
1347,2013-01-30,2013,January,Wednesday,Q1
1348,2012-02-03,2012,February,Friday,Q1
1349,2014-03-03,2014,March,Monday,Q1
1350,2013-02-28,2013,February,Thursday,Q1
1351,2015-07-06,2015,July,Monday,Q3
1352,2012-03-18,2012,March,Sunday,Q1
1353,2014-03-02,2014,March,Sunday,Q1
1354,2015-11-02,2015,November,Monday,Q4
1355,2014-12-08,2014,December,Monday,Q4
1356,2013-01-05,2013,January,Saturday,Q1
1357,2013-10-28,2013,October,Monday,Q4
1358,2014-07-27,2014,July,Sunday,Q3
1359,2015-03-02,2015,March,Monday,Q1
1360,2013-07-08,2013,July,Monday,Q3
1361,2013-02-18,2013,February,Monday,Q1
1362,2014-01-27,2014,January,Monday,Q1
1363,2015-09-07,2015,September,Monday,Q3
1364,2013-06-24,2013,June,Monday,Q2
1365,2015-12-21,2015,December,Monday,Q4
1366,2014-08-25,2014,August,Monday,Q3
1367,2014-06-09,2014,June,Monday,Q2
1368,2015-03-30,2015,March,Monday,Q1
1369,2014-08-11,2014,August,Monday,Q3
1370,2014-10-19,2014,October,Sunday,Q4
1371,2012-03-08,2012,March,Thursday,Q1
1372,2012-02-05,2012,February,Sunday,Q1
1373,2013-06-03,2013,June,Monday,Q2
1374,2015-05-18,2015,May,Monday,Q2
1375,2012-02-11,2012,February,Saturday,Q1
1376,2014-05-12,2014,May,Monday,Q2
1377,2014-09-01,2014,September,Monday,Q3
1378,2012-03-05,2012,March,Monday,Q1
1379,2014-02-03,2014,February,Monday,Q1
1380,2015-02-16,2015,February,Monday,Q1
1381,2013-03-17,2013,March,Sunday,Q1
1382,2012-04-23,2012,April,Monday,Q2
1383,2013-11-18,2013,November,Monday,Q4
1384,2012-07-01,2012,July,Sunday,Q3
1385,2013-09-23,2013,September,Monday,Q3
1386,2013-05-19,2013,May,Sunday,Q2
1387,2015-02-09,2015,February,Monday,Q1
1388,2013-11-25,2013,November,Monday,Q4
1389,2013-02-11,2013,February,Monday,Q1
1390,2012-11-19,2012,November,Monday,Q4
1391,2015-01-19,2015,January,Monday,Q1
1392,2012-01-16,2012,January,Monday,Q1
1393,2012-10-01,2012,October,Monday,Q4
1394,2012-08-05,2012,August,Sunday,Q3
1395,2012-05-21,2012,May,Monday,Q2
1396,2012-07-16,2012,July,Monday,Q3
1397,2012-12-24,2012,December,Monday,Q4
1398,2012-11-12,2012,November,Monday,Q4
1399,2012-11-26,2012,November,Monday,Q4
1400,2012-07-23,2012,July,Monday,Q3
1401,2013-12-02,2013,December,Monday,Q4
1402,2014-03-17,2014,March,Monday,Q1
1403,2012-08-06,2012,August,Monday,Q3
1404,2014-09-22,2014,September,Monday,Q3
1405,2013-02-10,2013,February,Sunday,Q1
1406,2014-05-26,2014,May,Monday,Q2
1407,2012-10-29,2012,October,Monday,Q4
1408,2013-10-14,2013,October,Monday,Q4
1409,2012-04-22,2012,April,Sunday,Q2
1410,2015-03-16,2015,March,Monday,Q1
1411,2012-06-18,2012,June,Monday,Q2
1412,2014-10-06,2014,October,Monday,Q4
1413,2014-08-18,2014,August,Monday,Q3
1414,2014-01-13,2014,January,Monday,Q1
1415,2012-01-02,2012,January,Monday,Q1
1416,2015-01-12,2015,January,Monday,Q1
1417,2013-07-29,2013,July,Monday,Q3
1418,2013-07-15,2013,July,Monday,Q3
1419,2013-08-19,2013,August,Monday,Q3
1420,2012-03-26,2012,March,Monday,Q1
1421,2012-06-11,2012,June,Monday,Q2
1422,2013-02-04,2013,February,Monday,Q1
1423,2014-07-07,2014,July,Monday,Q3
1424,2014-03-10,2014,March,Monday,Q1
1425,2014-07-21,2014,July,Monday,Q3
1426,2013-05-27,2013,May,Monday,Q2
1427,2014-11-10,2014,November,Monday,Q4
1428,2012-02-13,2012,February,Monday,Q1
1429,2013-05-20,2013,May,Monday,Q2
1430,2012-02-06,2012,February,Monday,Q1
