TimeID,OrderDate,OrderYear,OrderMonth,OrderQuarter,DayOfWeek
1,11/11/2014,2014,November,Q4,Tuesday
2,05/02/2014,2014,February,Q1,Wednesday
3,17/10/2014,2014,October,Q4,Friday
4,28/01/2014,2014,January,Q1,Tuesday
5,05/11/2014,2014,November,Q4,Wednesday
6,28/06/2014,2014,June,Q2,Saturday
7,06/11/2012,2012,November,Q4,Tuesday
8,14/04/2013,2013,April,Q2,Sunday
9,06/03/2012,2012,March,Q1,Tuesday
10,19/04/2013,2013,April,Q2,Friday
11,26/12/2012,2012,December,Q4,Wednesday
12,13/11/2013,2013,November,Q4,Wednesday
13,06/06/2014,2014,June,Q2,Friday
14,31/07/2015,2015,July,Q3,Friday
15,19/02/2012,2012,February,Q1,Sunday
16,08/09/2015,2015,September,Q3,Tuesday
17,31/01/2015,2015,January,Q1,Saturday
18,05/12/2015,2015,December,Q4,Saturday
19,08/08/2013,2013,August,Q3,Thursday
20,01/05/2012,2012,May,Q2,Tuesday
21,27/02/2014,2014,February,Q1,Thursday
22,05/09/2015,2015,September,Q3,Saturday
23,16/12/2012,2012,December,Q4,Sunday
24,13/03/2012,2012,March,Q1,Tuesday
25,21/04/2012,2012,April,Q2,Saturday
26,24/02/2013,2013,February,Q1,Sunday
27,27/12/2012,2012,December,Q4,Thursday
28,17/07/2013,2013,July,Q3,Wednesday
29,27/12/2013,2013,December,Q4,Friday
30,02/11/2012,2012,November,Q4,Friday
31,13/09/2012,2012,September,Q3,Thursday
32,12/05/2012,2012,May,Q2,Saturday
33,30/12/2012,2012,December,Q4,Sunday
34,14/01/2015,2015,January,Q1,Wednesday
35,10/01/2012,2012,January,Q1,Tuesday
36,22/08/2014,2014,August,Q3,Friday
37,11/11/2015,2015,November,Q4,Wednesday
38,26/09/2015,2015,September,Q3,Saturday
39,13/12/2013,2013,December,Q4,Friday
40,22/09/2012,2012,September,Q3,Saturday
41,21/03/2014,2014,March,Q1,Friday
42,08/03/2014,2014,March,Q1,Saturday
43,28/08/2015,2015,August,Q3,Friday
44,01/05/2015,2015,May,Q2,Friday
45,18/12/2015,2015,December,Q4,Friday
46,24/10/2012,2012,October,Q4,Wednesday
47,18/09/2015,2015,September,Q3,Friday
48,18/12/2014,2014,December,Q4,Thursday
49,30/05/2013,2013,May,Q2,Thursday
50,25/05/2013,2013,May,Q2,Saturday
51,05/08/2015,2015,August,Q3,Wednesday
52,11/03/2015,2015,March,Q1,Wednesday
53,19/12/2015,2015,December,Q4,Saturday
54,11/08/2015,2015,August,Q3,Tuesday
55,31/08/2014,2014,August,Q3,Sunday
56,18/01/2015,2015,January,Q1,Sunday
57,03/01/2015,2015,January,Q1,Saturday
58,07/12/2015,2015,December,Q4,Monday
59,16/12/2015,2015,December,Q4,Wednesday
60,20/11/2015,2015,November,Q4,Friday
61,08/11/2012,2012,November,Q4,Thursday
62,07/06/2014,2014,June,Q2,Saturday
63,21/11/2012,2012,November,Q4,Wednesday
64,29/03/2014,2014,March,Q1,Saturday
65,26/08/2015,2015,August,Q3,Wednesday
66,20/09/2013,2013,September,Q3,Friday
67,16/05/2015,2015,May,Q2,Saturday
68,02/08/2015,2015,August,Q3,Sunday
69,24/11/2014,2014,November,Q4,Monday
70,27/10/2012,2012,October,Q4,Saturday
71,19/11/2015,2015,November,Q4,Thursday
72,28/10/2015,2015,October,Q4,Wednesday
73,26/09/2014,2014,September,Q3,Friday
74,29/01/2014,2014,January,Q1,Wednesday
75,18/09/2013,2013,September,Q3,Wednesday
76,23/11/2014,2014,November,Q4,Sunday
77,13/06/2013,2013,June,Q2,Thursday
78,28/10/2014,2014,October,Q4,Tuesday
79,12/12/2014,2014,December,Q4,Friday
80,04/10/2015,2015,October,Q4,Sunday
81,02/12/2014,2014,December,Q4,Tuesday
82,07/05/2013,2013,May,Q2,Tuesday
83,27/11/2014,2014,November,Q4,Thursday
84,28/11/2013,2013,November,Q4,Thursday
85,29/09/2013,2013,September,Q3,Sunday
86,03/09/2014,2014,September,Q3,Wednesday
87,26/07/2014,2014,July,Q3,Saturday
88,19/06/2013,2013,June,Q2,Wednesday
89,11/10/2013,2013,October,Q4,Friday
90,08/08/2012,2012,August,Q3,Wednesday
91,04/11/2012,2012,November,Q4,Sunday
92,26/07/2012,2012,July,Q3,Thursday
93,26/04/2014,2014,April,Q2,Saturday
94,26/12/2014,2014,December,Q4,Friday
95,13/03/2014,2014,March,Q1,Thursday
96,05/04/2013,2013,April,Q2,Friday
97,26/12/2013,2013,December,Q4,Thursday
98,18/04/2014,2014,April,Q2,Friday
99,23/05/2012,2012,May,Q2,Wednesday
100,16/05/2014,2014,May,Q2,Friday
101,16/02/2012,2012,February,Q1,Thursday
102,31/05/2014,2014,May,Q2,Saturday
103,01/10/2014,2014,October,Q4,Wednesday
104,07/11/2015,2015,November,Q4,Saturday
105,02/09/2014,2014,September,Q3,Tuesday
106,11/12/2014,2014,December,Q4,Thursday
107,18/03/2015,2015,March,Q1,Wednesday
108,14/03/2014,2014,March,Q1,Friday
109,25/11/2014,2014,November,Q4,Tuesday
110,07/11/2014,2014,November,Q4,Friday
111,19/07/2015,2015,July,Q3,Sunday
112,16/08/2013,2013,August,Q3,Friday
113,06/11/2015,2015,November,Q4,Friday
114,10/01/2013,2013,January,Q1,Thursday
115,14/06/2013,2013,June,Q2,Friday
116,06/12/2013,2013,December,Q4,Friday
117,05/09/2014,2014,September,Q3,Friday
118,03/08/2013,2013,August,Q3,Saturday
119,09/12/2015,2015,December,Q4,Wednesday
120,25/10/2013,2013,October,Q4,Friday
121,08/05/2015,2015,May,Q2,Friday
122,27/08/2014,2014,August,Q3,Wednesday
123,19/09/2012,2012,September,Q3,Wednesday
124,11/03/2014,2014,March,Q1,Tuesday
125,01/02/2013,2013,February,Q1,Friday
126,09/04/2015,2015,April,Q2,Thursday
127,30/08/2014,2014,August,Q3,Saturday
128,19/03/2015,2015,March,Q1,Thursday
129,02/10/2014,2014,October,Q4,Thursday
130,12/01/2014,2014,January,Q1,Sunday
131,20/08/2015,2015,August,Q3,Thursday
132,14/03/2015,2015,March,Q1,Saturday
133,09/07/2015,2015,July,Q3,Thursday
134,11/06/2014,2014,June,Q2,Wednesday
135,09/08/2012,2012,August,Q3,Thursday
136,17/03/2015,2015,March,Q1,Tuesday
137,02/01/2014,2014,January,Q1,Thursday
138,10/10/2013,2013,October,Q4,Thursday
139,16/06/2012,2012,June,Q2,Saturday
140,03/04/2015,2015,April,Q2,Friday
141,16/05/2012,2012,May,Q2,Wednesday
142,11/02/2015,2015,February,Q1,Wednesday
143,12/10/2014,2014,October,Q4,Sunday
144,17/09/2015,2015,September,Q3,Thursday
145,17/07/2015,2015,July,Q3,Friday
146,22/11/2015,2015,November,Q4,Sunday
147,29/05/2012,2012,May,Q2,Tuesday
148,29/08/2015,2015,August,Q3,Saturday
149,01/05/2014,2014,May,Q2,Thursday
150,15/08/2012,2012,August,Q3,Wednesday
151,03/12/2015,2015,December,Q4,Thursday
152,25/06/2014,2014,June,Q2,Wednesday
153,21/01/2014,2014,January,Q1,Tuesday
154,24/10/2015,2015,October,Q4,Saturday
155,12/07/2015,2015,July,Q3,Sunday
156,01/09/2015,2015,September,Q3,Tuesday
157,06/06/2012,2012,June,Q2,Wednesday
158,12/10/2012,2012,October,Q4,Friday
159,10/06/2014,2014,June,Q2,Tuesday
160,13/12/2015,2015,December,Q4,Sunday
161,16/09/2014,2014,September,Q3,Tuesday
162,10/06/2015,2015,June,Q2,Wednesday
163,15/02/2012,2012,February,Q1,Wednesday
164,28/11/2014,2014,November,Q4,Friday
165,27/06/2014,2014,June,Q2,Friday
166,16/04/2015,2015,April,Q2,Thursday
167,02/08/2013,2013,August,Q3,Friday
168,07/04/2015,2015,April,Q2,Tuesday
169,02/08/2014,2014,August,Q3,Saturday
170,22/05/2015,2015,May,Q2,Friday
171,10/02/2012,2012,February,Q1,Friday
172,27/09/2014,2014,September,Q3,Saturday
173,02/06/2015,2015,June,Q2,Tuesday
174,30/09/2014,2014,September,Q3,Tuesday
175,18/07/2012,2012,July,Q3,Wednesday
176,14/08/2015,2015,August,Q3,Friday
177,31/10/2015,2015,October,Q4,Saturday
178,25/07/2014,2014,July,Q3,Friday
179,07/10/2015,2015,October,Q4,Wednesday
180,17/10/2015,2015,October,Q4,Saturday
181,03/12/2014,2014,December,Q4,Wednesday
182,08/11/2015,2015,November,Q4,Sunday
183,20/09/2012,2012,September,Q3,Thursday
184,20/06/2012,2012,June,Q2,Wednesday
185,20/05/2015,2015,May,Q2,Wednesday
186,26/11/2015,2015,November,Q4,Thursday
187,30/03/2013,2013,March,Q1,Saturday
188,09/11/2012,2012,November,Q4,Friday
189,01/08/2013,2013,August,Q3,Thursday
190,23/01/2014,2014,January,Q1,Thursday
191,20/05/2012,2012,May,Q2,Sunday
192,28/09/2015,2015,September,Q3,Monday
193,05/11/2012,2012,November,Q4,Monday
194,28/01/2015,2015,January,Q1,Wednesday
195,13/09/2015,2015,September,Q3,Sunday
196,27/11/2015,2015,November,Q4,Friday
197,21/12/2012,2012,December,Q4,Friday
198,26/04/2012,2012,April,Q2,Thursday
199,05/10/2012,2012,October,Q4,Friday
200,24/08/2014,2014,August,Q3,Sunday
201,21/09/2014,2014,September,Q3,Sunday
202,17/12/2015,2015,December,Q4,Thursday
203,15/11/2012,2012,November,Q4,Thursday
204,21/12/2013,2013,December,Q4,Saturday
205,03/06/2015,2015,June,Q2,Wednesday
206,12/09/2015,2015,September,Q3,Saturday
207,17/04/2015,2015,April,Q2,Friday
208,21/11/2013,2013,November,Q4,Thursday
209,06/03/2015,2015,March,Q1,Friday
210,23/07/2013,2013,July,Q3,Tuesday
211,10/06/2012,2012,June,Q2,Sunday
212,14/09/2013,2013,September,Q3,Saturday
213,24/11/2012,2012,November,Q4,Saturday
214,10/08/2013,2013,August,Q3,Saturday
215,20/03/2014,2014,March,Q1,Thursday
216,30/12/2014,2014,December,Q4,Tuesday
217,04/10/2013,2013,October,Q4,Friday
218,06/08/2013,2013,August,Q3,Tuesday
219,02/10/2013,2013,October,Q4,Wednesday
220,26/03/2015,2015,March,Q1,Thursday
221,21/11/2015,2015,November,Q4,Saturday
222,29/11/2012,2012,November,Q4,Thursday
223,20/12/2013,2013,December,Q4,Friday
224,13/09/2013,2013,September,Q3,Friday
225,21/09/2012,2012,September,Q3,Friday
226,09/11/2013,2013,November,Q4,Saturday
227,23/05/2013,2013,May,Q2,Thursday
228,22/06/2014,2014,June,Q2,Sunday
229,14/04/2015,2015,April,Q2,Tuesday
230,30/03/2012,2012,March,Q1,Friday
231,03/02/2013,2013,February,Q1,Sunday
232,29/05/2014,2014,May,Q2,Thursday
233,29/08/2013,2013,August,Q3,Thursday
234,14/06/2012,2012,June,Q2,Thursday
235,26/10/2012,2012,October,Q4,Friday
236,11/09/2015,2015,September,Q3,Friday
237,28/08/2013,2013,August,Q3,Wednesday
238,01/08/2014,2014,August,Q3,Friday
239,24/12/2015,2015,December,Q4,Thursday
240,22/02/2013,2013,February,Q1,Friday
241,11/10/2015,2015,October,Q4,Sunday
242,21/04/2015,2015,April,Q2,Tuesday
243,12/06/2014,2014,June,Q2,Thursday
244,17/09/2014,2014,September,Q3,Wednesday
245,19/09/2015,2015,September,Q3,Saturday
246,20/06/2015,2015,June,Q2,Saturday
247,23/10/2015,2015,October,Q4,Friday
248,02/04/2015,2015,April,Q2,Thursday
249,13/11/2015,2015,November,Q4,Friday
250,13/06/2014,2014,June,Q2,Friday
251,22/09/2015,2015,September,Q3,Tuesday
252,08/01/2012,2012,January,Q1,Sunday
253,30/07/2014,2014,July,Q3,Wednesday
254,30/04/2015,2015,April,Q2,Thursday
255,27/09/2012,2012,September,Q3,Thursday
256,24/06/2015,2015,June,Q2,Wednesday
257,05/04/2012,2012,April,Q2,Thursday
258,07/08/2015,2015,August,Q3,Friday
259,14/02/2015,2015,February,Q1,Saturday
260,23/12/2012,2012,December,Q4,Sunday
261,17/08/2013,2013,August,Q3,Saturday
262,07/08/2013,2013,August,Q3,Wednesday
263,03/05/2014,2014,May,Q2,Saturday
264,09/08/2013,2013,August,Q3,Friday
265,21/02/2014,2014,February,Q1,Friday
266,18/07/2013,2013,July,Q3,Thursday
267,12/09/2014,2014,September,Q3,Friday
268,18/06/2013,2013,June,Q2,Tuesday
269,31/12/2014,2014,December,Q4,Wednesday
270,15/01/2013,2013,January,Q1,Tuesday
271,12/06/2013,2013,June,Q2,Wednesday
272,22/12/2015,2015,December,Q4,Tuesday
273,14/09/2014,2014,September,Q3,Sunday
274,07/01/2014,2014,January,Q1,Tuesday
275,27/06/2015,2015,June,Q2,Saturday
276,13/07/2013,2013,July,Q3,Saturday
277,29/05/2015,2015,May,Q2,Friday
278,24/02/2015,2015,February,Q1,Tuesday
279,23/12/2014,2014,December,Q4,Tuesday
280,17/06/2015,2015,June,Q2,Wednesday
281,15/03/2015,2015,March,Q1,Sunday
282,09/06/2015,2015,June,Q2,Tuesday
283,15/10/2015,2015,October,Q4,Thursday
284,06/08/2015,2015,August,Q3,Thursday
285,25/12/2013,2013,December,Q4,Wednesday
286,07/12/2013,2013,December,Q4,Saturday
287,17/06/2014,2014,June,Q2,Tuesday
288,03/11/2015,2015,November,Q4,Tuesday
289,28/05/2013,2013,May,Q2,Tuesday
290,17/08/2014,2014,August,Q3,Sunday
291,02/06/2012,2012,June,Q2,Saturday
292,13/07/2012,2012,July,Q3,Friday
293,16/10/2012,2012,October,Q4,Tuesday
294,13/11/2012,2012,November,Q4,Tuesday
295,14/07/2015,2015,July,Q3,Tuesday
296,15/12/2015,2015,December,Q4,Tuesday
297,28/06/2015,2015,June,Q2,Sunday
298,20/12/2015,2015,December,Q4,Sunday
299,05/02/2013,2013,February,Q1,Tuesday
300,21/01/2012,2012,January,Q1,Saturday
301,27/10/2015,2015,October,Q4,Tuesday
302,26/02/2013,2013,February,Q1,Tuesday
303,11/06/2013,2013,June,Q2,Tuesday
304,23/02/2012,2012,February,Q1,Thursday
305,20/07/2014,2014,July,Q3,Sunday
306,30/10/2014,2014,October,Q4,Thursday
307,04/05/2014,2014,May,Q2,Sunday
308,07/09/2012,2012,September,Q3,Friday
309,22/04/2013,2013,April,Q2,Monday
310,15/04/2012,2012,April,Q2,Sunday
311,12/04/2014,2014,April,Q2,Saturday
312,13/10/2013,2013,October,Q4,Sunday
313,30/01/2015,2015,January,Q1,Friday
314,12/10/2013,2013,October,Q4,Saturday
315,06/06/2015,2015,June,Q2,Saturday
316,19/09/2014,2014,September,Q3,Friday
317,31/12/2013,2013,December,Q4,Tuesday
318,29/12/2015,2015,December,Q4,Tuesday
319,15/11/2014,2014,November,Q4,Saturday
320,19/12/2012,2012,December,Q4,Wednesday
321,19/05/2015,2015,May,Q2,Tuesday
322,07/12/2012,2012,December,Q4,Friday
323,10/02/2015,2015,February,Q1,Tuesday
324,08/02/2015,2015,February,Q1,Sunday
325,05/08/2014,2014,August,Q3,Tuesday
326,15/04/2015,2015,April,Q2,Wednesday
327,07/11/2013,2013,November,Q4,Thursday
328,05/05/2015,2015,May,Q2,Tuesday
329,04/11/2014,2014,November,Q4,Tuesday
330,31/08/2013,2013,August,Q3,Saturday
331,20/06/2014,2014,June,Q2,Friday
332,23/08/2015,2015,August,Q3,Sunday
333,29/04/2014,2014,April,Q2,Tuesday
334,12/10/2015,2015,October,Q4,Monday
335,28/11/2015,2015,November,Q4,Saturday
336,11/05/2013,2013,May,Q2,Saturday
337,18/06/2014,2014,June,Q2,Wednesday
338,04/05/2013,2013,May,Q2,Saturday
339,10/11/2012,2012,November,Q4,Saturday
340,15/05/2015,2015,May,Q2,Friday
341,06/12/2012,2012,December,Q4,Thursday
342,10/09/2014,2014,September,Q3,Wednesday
343,02/03/2012,2012,March,Q1,Friday
344,01/01/2013,2013,January,Q1,Tuesday
345,30/10/2013,2013,October,Q4,Wednesday
346,19/11/2014,2014,November,Q4,Wednesday
347,15/08/2014,2014,August,Q3,Friday
348,08/06/2014,2014,June,Q2,Sunday
349,02/10/2015,2015,October,Q4,Friday
350,27/02/2015,2015,February,Q1,Friday
351,31/10/2014,2014,October,Q4,Friday
352,09/05/2015,2015,May,Q2,Saturday
353,04/07/2015,2015,July,Q3,Saturday
354,17/05/2013,2013,May,Q2,Friday
355,02/08/2012,2012,August,Q3,Thursday
356,20/09/2015,2015,September,Q3,Sunday
357,14/02/2014,2014,February,Q1,Friday
358,04/08/2015,2015,August,Q3,Tuesday
359,13/11/2014,2014,November,Q4,Thursday
360,12/02/2015,2015,February,Q1,Thursday
361,30/03/2014,2014,March,Q1,Sunday
362,19/08/2014,2014,August,Q3,Tuesday
363,22/08/2013,2013,August,Q3,Thursday
364,05/07/2015,2015,July,Q3,Sunday
365,14/03/2013,2013,March,Q1,Thursday
366,16/09/2015,2015,September,Q3,Wednesday
367,09/09/2014,2014,September,Q3,Tuesday
368,17/10/2013,2013,October,Q4,Thursday
369,17/02/2015,2015,February,Q1,Tuesday
370,23/02/2013,2013,February,Q1,Saturday
371,03/12/2013,2013,December,Q4,Tuesday
372,12/12/2013,2013,December,Q4,Thursday
373,16/06/2015,2015,June,Q2,Tuesday
374,13/05/2015,2015,May,Q2,Wednesday
375,10/05/2013,2013,May,Q2,Friday
376,13/09/2014,2014,September,Q3,Saturday
377,25/10/2015,2015,October,Q4,Sunday
378,02/02/2014,2014,February,Q1,Sunday
379,14/10/2014,2014,October,Q4,Tuesday
380,14/02/2012,2012,February,Q1,Tuesday
381,10/03/2012,2012,March,Q1,Saturday
382,20/06/2013,2013,June,Q2,Thursday
383,08/02/2014,2014,February,Q1,Saturday
384,23/06/2013,2013,June,Q2,Sunday
385,20/12/2014,2014,December,Q4,Saturday
386,28/08/2012,2012,August,Q3,Tuesday
387,18/07/2015,2015,July,Q3,Saturday
388,05/12/2012,2012,December,Q4,Wednesday
389,01/09/2012,2012,September,Q3,Saturday
390,27/08/2013,2013,August,Q3,Tuesday
391,24/12/2014,2014,December,Q4,Wednesday
392,30/11/2013,2013,November,Q4,Saturday
393,21/05/2014,2014,May,Q2,Wednesday
394,19/12/2014,2014,December,Q4,Friday
395,17/06/2012,2012,June,Q2,Sunday
396,09/01/2013,2013,January,Q1,Wednesday
397,17/07/2012,2012,July,Q3,Tuesday
398,12/04/2013,2013,April,Q2,Friday
399,03/07/2015,2015,July,Q3,Friday
400,18/08/2015,2015,August,Q3,Tuesday
401,11/07/2015,2015,July,Q3,Saturday
402,24/04/2015,2015,April,Q2,Friday
403,03/05/2012,2012,May,Q2,Thursday
404,12/11/2015,2015,November,Q4,Thursday
405,05/04/2014,2014,April,Q2,Saturday
406,10/07/2015,2015,July,Q3,Friday
407,06/10/2015,2015,October,Q4,Tuesday
408,01/06/2014,2014,June,Q2,Sunday
409,20/08/2013,2013,August,Q3,Tuesday
410,29/08/2012,2012,August,Q3,Wednesday
411,04/12/2013,2013,December,Q4,Wednesday
412,13/10/2015,2015,October,Q4,Tuesday
413,16/06/2013,2013,June,Q2,Sunday
414,20/08/2014,2014,August,Q3,Wednesday
415,21/06/2013,2013,June,Q2,Friday
416,30/04/2014,2014,April,Q2,Wednesday
417,15/06/2013,2013,June,Q2,Saturday
418,21/07/2015,2015,July,Q3,Tuesday
419,26/02/2014,2014,February,Q1,Wednesday
420,25/11/2012,2012,November,Q4,Sunday
421,24/05/2013,2013,May,Q2,Friday
422,03/11/2012,2012,November,Q4,Saturday
423,05/06/2014,2014,June,Q2,Thursday
424,14/05/2014,2014,May,Q2,Wednesday
425,21/10/2014,2014,October,Q4,Tuesday
426,15/07/2014,2014,July,Q3,Tuesday
427,02/12/2015,2015,December,Q4,Wednesday
428,08/01/2015,2015,January,Q1,Thursday
429,01/07/2014,2014,July,Q3,Tuesday
430,11/03/2012,2012,March,Q1,Sunday
431,15/01/2014,2014,January,Q1,Wednesday
432,18/11/2012,2012,November,Q4,Sunday
433,11/07/2014,2014,July,Q3,Friday
434,22/05/2013,2013,May,Q2,Wednesday
435,12/08/2015,2015,August,Q3,Wednesday
436,05/01/2014,2014,January,Q1,Sunday
437,16/12/2014,2014,December,Q4,Tuesday
438,04/07/2013,2013,July,Q3,Thursday
439,01/11/2015,2015,November,Q4,Sunday
440,03/07/2013,2013,July,Q3,Wednesday
441,29/11/2015,2015,November,Q4,Sunday
442,07/04/2012,2012,April,Q2,Saturday
443,09/05/2013,2013,May,Q2,Thursday
444,19/11/2013,2013,November,Q4,Tuesday
445,31/12/2015,2015,December,Q4,Thursday
446,14/11/2014,2014,November,Q4,Friday
447,19/03/2014,2014,March,Q1,Wednesday
448,21/03/2013,2013,March,Q1,Thursday
449,24/05/2015,2015,May,Q2,Sunday
450,14/06/2014,2014,June,Q2,Saturday
451,04/03/2012,2012,March,Q1,Sunday
452,09/12/2014,2014,December,Q4,Tuesday
453,09/10/2014,2014,October,Q4,Thursday
454,16/10/2014,2014,October,Q4,Thursday
455,16/04/2014,2014,April,Q2,Wednesday
456,18/10/2012,2012,October,Q4,Thursday
457,09/03/2012,2012,March,Q1,Friday
458,25/01/2015,2015,January,Q1,Sunday
459,18/06/2015,2015,June,Q2,Thursday
460,08/01/2014,2014,January,Q1,Wednesday
461,04/01/2014,2014,January,Q1,Saturday
462,24/09/2014,2014,September,Q3,Wednesday
463,21/06/2012,2012,June,Q2,Thursday
464,30/08/2013,2013,August,Q3,Friday
465,18/12/2013,2013,December,Q4,Wednesday
466,25/09/2014,2014,September,Q3,Thursday
467,24/03/2015,2015,March,Q1,Tuesday
468,31/01/2014,2014,January,Q1,Friday
469,02/12/2012,2012,December,Q4,Sunday
470,28/05/2015,2015,May,Q2,Thursday
471,14/06/2015,2015,June,Q2,Sunday
472,11/11/2012,2012,November,Q4,Sunday
473,16/08/2012,2012,August,Q3,Thursday
474,06/03/2013,2013,March,Q1,Wednesday
475,24/09/2013,2013,September,Q3,Tuesday
476,18/02/2014,2014,February,Q1,Tuesday
477,24/11/2015,2015,November,Q4,Tuesday
478,23/09/2015,2015,September,Q3,Wednesday
479,04/11/2015,2015,November,Q4,Wednesday
480,10/09/2013,2013,September,Q3,Tuesday
481,25/02/2012,2012,February,Q1,Saturday
482,28/03/2013,2013,March,Q1,Thursday
483,08/07/2014,2014,July,Q3,Tuesday
484,25/06/2013,2013,June,Q2,Tuesday
485,29/01/2015,2015,January,Q1,Thursday
486,23/11/2013,2013,November,Q4,Saturday
487,11/04/2015,2015,April,Q2,Saturday
488,18/11/2015,2015,November,Q4,Wednesday
489,12/12/2012,2012,December,Q4,Wednesday
490,03/10/2015,2015,October,Q4,Saturday
491,25/12/2012,2012,December,Q4,Tuesday
492,24/09/2015,2015,September,Q3,Thursday
493,01/12/2013,2013,December,Q4,Sunday
494,06/09/2015,2015,September,Q3,Sunday
495,30/09/2015,2015,September,Q3,Wednesday
496,31/03/2015,2015,March,Q1,Tuesday
497,26/09/2013,2013,September,Q3,Thursday
498,30/12/2015,2015,December,Q4,Wednesday
499,20/01/2015,2015,January,Q1,Tuesday
500,28/02/2012,2012,February,Q1,Tuesday
501,03/06/2014,2014,June,Q2,Tuesday
502,05/03/2014,2014,March,Q1,Wednesday
503,22/05/2012,2012,May,Q2,Tuesday
504,21/06/2015,2015,June,Q2,Sunday
505,24/01/2012,2012,January,Q1,Tuesday
506,04/12/2015,2015,December,Q4,Friday
507,08/12/2015,2015,December,Q4,Tuesday
508,11/12/2013,2013,December,Q4,Wednesday
509,05/03/2015,2015,March,Q1,Thursday
510,26/09/2012,2012,September,Q3,Wednesday
511,06/12/2015,2015,December,Q4,Sunday
512,10/11/2013,2013,November,Q4,Sunday
513,07/06/2012,2012,June,Q2,Thursday
514,17/10/2012,2012,October,Q4,Wednesday
515,25/04/2013,2013,April,Q2,Thursday
516,18/04/2013,2013,April,Q2,Thursday
517,04/06/2014,2014,June,Q2,Wednesday
518,24/06/2014,2014,June,Q2,Tuesday
519,13/02/2015,2015,February,Q1,Friday
520,24/08/2013,2013,August,Q3,Saturday
521,18/08/2012,2012,August,Q3,Saturday
522,13/03/2015,2015,March,Q1,Friday
523,04/04/2014,2014,April,Q2,Friday
524,23/01/2015,2015,January,Q1,Friday
525,17/05/2015,2015,May,Q2,Sunday
526,23/04/2014,2014,April,Q2,Wednesday
527,05/10/2013,2013,October,Q4,Saturday
528,29/10/2015,2015,October,Q4,Thursday
529,22/11/2012,2012,November,Q4,Thursday
530,10/12/2015,2015,December,Q4,Thursday
531,08/12/2012,2012,December,Q4,Saturday
532,17/12/2014,2014,December,Q4,Wednesday
533,11/10/2014,2014,October,Q4,Saturday
534,23/06/2015,2015,June,Q2,Tuesday
535,26/06/2015,2015,June,Q2,Friday
536,17/09/2013,2013,September,Q3,Tuesday
537,14/11/2015,2015,November,Q4,Saturday
538,23/07/2015,2015,July,Q3,Thursday
539,04/09/2015,2015,September,Q3,Friday
540,25/01/2013,2013,January,Q1,Friday
541,07/07/2013,2013,July,Q3,Sunday
542,27/11/2012,2012,November,Q4,Tuesday
543,17/12/2013,2013,December,Q4,Tuesday
544,02/09/2015,2015,September,Q3,Wednesday
545,09/04/2014,2014,April,Q2,Wednesday
546,12/06/2015,2015,June,Q2,Friday
547,06/11/2013,2013,November,Q4,Wednesday
548,14/09/2012,2012,September,Q3,Friday
549,25/06/2012,2012,June,Q2,Monday
550,05/03/2013,2013,March,Q1,Tuesday
551,04/10/2014,2014,October,Q4,Saturday
552,08/11/2013,2013,November,Q4,Friday
553,27/01/2013,2013,January,Q1,Sunday
554,19/12/2013,2013,December,Q4,Thursday
555,18/10/2014,2014,October,Q4,Saturday
556,09/10/2015,2015,October,Q4,Friday
557,25/08/2015,2015,August,Q3,Tuesday
558,13/03/2013,2013,March,Q1,Wednesday
559,25/12/2015,2015,December,Q4,Friday
560,28/12/2012,2012,December,Q4,Friday
561,14/10/2015,2015,October,Q4,Wednesday
562,03/09/2015,2015,September,Q3,Thursday
563,15/08/2013,2013,August,Q3,Thursday
564,12/01/2013,2013,January,Q1,Saturday
565,07/08/2012,2012,August,Q3,Tuesday
566,14/11/2012,2012,November,Q4,Wednesday
567,05/11/2013,2013,November,Q4,Tuesday
568,06/01/2013,2013,January,Q1,Sunday
569,28/11/2012,2012,November,Q4,Wednesday
570,09/03/2015,2015,March,Q1,Monday
571,05/06/2013,2013,June,Q2,Wednesday
572,14/12/2012,2012,December,Q4,Friday
573,15/10/2014,2014,October,Q4,Wednesday
574,29/09/2015,2015,September,Q3,Tuesday
575,19/03/2013,2013,March,Q1,Tuesday
576,24/05/2014,2014,May,Q2,Saturday
577,28/06/2012,2012,June,Q2,Thursday
578,13/12/2012,2012,December,Q4,Thursday
579,12/08/2014,2014,August,Q3,Tuesday
580,24/10/2014,2014,October,Q4,Friday
581,20/02/2014,2014,February,Q1,Thursday
582,09/12/2012,2012,December,Q4,Sunday
583,29/11/2014,2014,November,Q4,Saturday
584,09/02/2014,2014,February,Q1,Sunday
585,11/05/2012,2012,May,Q2,Friday
586,26/05/2015,2015,May,Q2,Tuesday
587,25/10/2012,2012,October,Q4,Thursday
588,22/05/2014,2014,May,Q2,Thursday
589,11/08/2012,2012,August,Q3,Saturday
590,02/05/2012,2012,May,Q2,Wednesday
591,26/08/2014,2014,August,Q3,Tuesday
592,01/10/2013,2013,October,Q4,Tuesday
593,28/03/2015,2015,March,Q1,Saturday
594,18/11/2014,2014,November,Q4,Tuesday
595,07/03/2013,2013,March,Q1,Thursday
596,30/05/2014,2014,May,Q2,Friday
597,20/08/2012,2012,August,Q3,Monday
598,01/04/2015,2015,April,Q2,Wednesday
599,19/01/2014,2014,January,Q1,Sunday
600,31/05/2012,2012,May,Q2,Thursday
601,16/10/2015,2015,October,Q4,Friday
602,22/01/2014,2014,January,Q1,Wednesday
603,10/10/2014,2014,October,Q4,Friday
604,25/10/2014,2014,October,Q4,Saturday
605,22/10/2014,2014,October,Q4,Wednesday
606,12/02/2012,2012,February,Q1,Sunday
607,21/08/2014,2014,August,Q3,Thursday
608,28/05/2014,2014,May,Q2,Wednesday
609,07/09/2013,2013,September,Q3,Saturday
610,09/06/2012,2012,June,Q2,Saturday
611,05/11/2015,2015,November,Q4,Thursday
612,22/11/2014,2014,November,Q4,Saturday
613,10/12/2014,2014,December,Q4,Wednesday
614,17/11/2012,2012,November,Q4,Saturday
615,29/11/2013,2013,November,Q4,Friday
616,18/05/2012,2012,May,Q2,Friday
617,15/08/2015,2015,August,Q3,Saturday
618,20/09/2014,2014,September,Q3,Saturday
619,01/12/2015,2015,December,Q4,Tuesday
620,24/02/2012,2012,February,Q1,Friday
621,24/06/2012,2012,June,Q2,Sunday
622,01/11/2013,2013,November,Q4,Friday
623,10/07/2014,2014,July,Q3,Thursday
624,04/09/2013,2013,September,Q3,Wednesday
625,28/09/2013,2013,September,Q3,Saturday
626,05/06/2012,2012,June,Q2,Tuesday
627,14/03/2012,2012,March,Q1,Wednesday
628,04/07/2014,2014,July,Q3,Friday
629,31/05/2015,2015,May,Q2,Sunday
630,09/01/2014,2014,January,Q1,Thursday
631,22/07/2015,2015,July,Q3,Wednesday
632,06/05/2014,2014,May,Q2,Tuesday
633,31/08/2012,2012,August,Q3,Friday
634,11/09/2014,2014,September,Q3,Thursday
635,15/09/2013,2013,September,Q3,Sunday
636,26/06/2014,2014,June,Q2,Thursday
637,08/04/2014,2014,April,Q2,Tuesday
638,06/08/2014,2014,August,Q3,Wednesday
639,21/07/2012,2012,July,Q3,Saturday
640,01/02/2014,2014,February,Q1,Saturday
641,26/07/2013,2013,July,Q3,Friday
642,29/03/2013,2013,March,Q1,Friday
643,25/01/2014,2014,January,Q1,Saturday
644,22/06/2015,2015,June,Q2,Monday
645,02/04/2013,2013,April,Q2,Tuesday
646,25/05/2014,2014,May,Q2,Sunday
647,15/12/2013,2013,December,Q4,Sunday
648,16/11/2013,2013,November,Q4,Saturday
649,05/01/2012,2012,January,Q1,Thursday
650,13/04/2013,2013,April,Q2,Saturday
651,10/06/2013,2013,June,Q2,Monday
652,10/10/2015,2015,October,Q4,Saturday
653,25/06/2015,2015,June,Q2,Thursday
654,16/08/2014,2014,August,Q3,Saturday
655,03/07/2014,2014,July,Q3,Thursday
656,17/05/2014,2014,May,Q2,Saturday
657,10/10/2012,2012,October,Q4,Wednesday
658,21/03/2015,2015,March,Q1,Saturday
659,01/08/2015,2015,August,Q3,Saturday
660,16/01/2013,2013,January,Q1,Wednesday
661,06/09/2013,2013,September,Q3,Friday
662,11/12/2015,2015,December,Q4,Friday
663,28/04/2013,2013,April,Q2,Sunday
664,27/05/2015,2015,May,Q2,Wednesday
665,29/07/2015,2015,July,Q3,Wednesday
666,23/10/2013,2013,October,Q4,Wednesday
667,08/05/2013,2013,May,Q2,Wednesday
668,15/05/2013,2013,May,Q2,Wednesday
669,28/04/2015,2015,April,Q2,Tuesday
670,11/05/2014,2014,May,Q2,Sunday
671,07/05/2015,2015,May,Q2,Thursday
672,23/05/2015,2015,May,Q2,Saturday
673,27/03/2015,2015,March,Q1,Friday
674,31/07/2012,2012,July,Q3,Tuesday
675,21/12/2014,2014,December,Q4,Sunday
676,25/11/2015,2015,November,Q4,Wednesday
677,29/06/2012,2012,June,Q2,Friday
678,26/12/2015,2015,December,Q4,Saturday
679,27/05/2014,2014,May,Q2,Tuesday
680,08/06/2015,2015,June,Q2,Monday
681,13/02/2013,2013,February,Q1,Wednesday
682,25/03/2015,2015,March,Q1,Wednesday
683,30/06/2013,2013,June,Q2,Sunday
684,23/08/2014,2014,August,Q3,Saturday
685,04/02/2015,2015,February,Q1,Wednesday
686,03/08/2012,2012,August,Q3,Friday
687,09/09/2015,2015,September,Q3,Wednesday
688,23/06/2012,2012,June,Q2,Saturday
689,11/01/2012,2012,January,Q1,Wednesday
690,15/05/2014,2014,May,Q2,Thursday
691,22/07/2014,2014,July,Q3,Tuesday
692,01/01/2014,2014,January,Q1,Wednesday
693,30/07/2015,2015,July,Q3,Thursday
694,01/11/2014,2014,November,Q4,Saturday
695,17/08/2012,2012,August,Q3,Friday
696,06/10/2012,2012,October,Q4,Saturday
697,20/11/2013,2013,November,Q4,Wednesday
698,22/07/2012,2012,July,Q3,Sunday
699,20/04/2013,2013,April,Q2,Saturday
700,24/01/2013,2013,January,Q1,Thursday
701,04/04/2013,2013,April,Q2,Thursday
702,03/06/2012,2012,June,Q2,Sunday
703,20/01/2014,2014,January,Q1,Monday
704,15/09/2015,2015,September,Q3,Tuesday
705,13/05/2012,2012,May,Q2,Sunday
706,22/12/2012,2012,December,Q4,Saturday
707,19/06/2012,2012,June,Q2,Tuesday
708,01/06/2012,2012,June,Q2,Friday
709,03/09/2013,2013,September,Q3,Tuesday
710,06/03/2014,2014,March,Q1,Thursday
711,07/08/2014,2014,August,Q3,Thursday
712,27/09/2015,2015,September,Q3,Sunday
713,19/07/2012,2012,July,Q3,Thursday
714,30/05/2012,2012,May,Q2,Wednesday
715,04/08/2012,2012,August,Q3,Saturday
716,21/11/2014,2014,November,Q4,Friday
717,06/05/2015,2015,May,Q2,Wednesday
718,12/11/2014,2014,November,Q4,Wednesday
719,23/10/2014,2014,October,Q4,Thursday
720,20/02/2013,2013,February,Q1,Wednesday
721,25/04/2014,2014,April,Q2,Friday
722,15/06/2014,2014,June,Q2,Sunday
723,12/12/2015,2015,December,Q4,Saturday
724,29/10/2014,2014,October,Q4,Wednesday
725,16/08/2015,2015,August,Q3,Sunday
726,22/04/2015,2015,April,Q2,Wednesday
727,19/06/2014,2014,June,Q2,Thursday
728,26/07/2015,2015,July,Q3,Sunday
729,23/12/2015,2015,December,Q4,Wednesday
730,03/03/2015,2015,March,Q1,Tuesday
731,11/06/2015,2015,June,Q2,Thursday
732,09/10/2013,2013,October,Q4,Wednesday
733,07/01/2013,2013,January,Q1,Monday
734,05/12/2013,2013,December,Q4,Thursday
735,24/01/2015,2015,January,Q1,Saturday
736,27/07/2012,2012,July,Q3,Friday
737,04/03/2015,2015,March,Q1,Wednesday
738,06/11/2014,2014,November,Q4,Thursday
739,14/10/2012,2012,October,Q4,Sunday
740,29/07/2012,2012,July,Q3,Sunday
741,12/03/2014,2014,March,Q1,Wednesday
742,15/03/2013,2013,March,Q1,Friday
743,16/05/2013,2013,May,Q2,Thursday
744,14/12/2014,2014,December,Q4,Sunday
745,23/03/2014,2014,March,Q1,Sunday
746,25/04/2012,2012,April,Q2,Wednesday
747,21/06/2014,2014,June,Q2,Saturday
748,25/02/2015,2015,February,Q1,Wednesday
749,10/05/2014,2014,May,Q2,Saturday
750,02/07/2015,2015,July,Q3,Thursday
751,21/02/2015,2015,February,Q1,Saturday
752,06/12/2014,2014,December,Q4,Saturday
753,14/08/2014,2014,August,Q3,Thursday
754,25/03/2014,2014,March,Q1,Tuesday
755,24/11/2013,2013,November,Q4,Sunday
756,23/09/2012,2012,September,Q3,Sunday
757,30/06/2014,2014,June,Q2,Monday
758,25/08/2013,2013,August,Q3,Sunday
759,10/01/2014,2014,January,Q1,Friday
760,07/02/2015,2015,February,Q1,Saturday
761,24/09/2012,2012,September,Q3,Monday
762,04/03/2014,2014,March,Q1,Tuesday
763,06/07/2012,2012,July,Q3,Friday
764,23/07/2014,2014,July,Q3,Wednesday
765,18/01/2014,2014,January,Q1,Saturday
766,27/12/2015,2015,December,Q4,Sunday
767,15/07/2012,2012,July,Q3,Sunday
768,24/07/2015,2015,July,Q3,Friday
769,30/06/2015,2015,June,Q2,Tuesday
770,26/06/2013,2013,June,Q2,Wednesday
771,15/11/2013,2013,November,Q4,Friday
772,06/02/2014,2014,February,Q1,Thursday
773,17/04/2012,2012,April,Q2,Tuesday
774,09/07/2013,2013,July,Q3,Tuesday
775,15/09/2012,2012,September,Q3,Saturday
776,13/08/2015,2015,August,Q3,Thursday
777,11/01/2013,2013,January,Q1,Friday
778,04/06/2013,2013,June,Q2,Tuesday
779,30/06/2012,2012,June,Q2,Saturday
780,30/11/2014,2014,November,Q4,Sunday
781,08/06/2013,2013,June,Q2,Saturday
782,18/02/2012,2012,February,Q1,Saturday
783,04/08/2014,2014,August,Q3,Monday
784,01/04/2014,2014,April,Q2,Tuesday
785,27/10/2014,2014,October,Q4,Monday
786,05/09/2012,2012,September,Q3,Wednesday
787,17/01/2012,2012,January,Q1,Tuesday
788,25/08/2012,2012,August,Q3,Saturday
789,31/10/2012,2012,October,Q4,Wednesday
790,07/02/2013,2013,February,Q1,Thursday
791,24/04/2013,2013,April,Q2,Wednesday
792,14/08/2012,2012,August,Q3,Tuesday
793,17/01/2015,2015,January,Q1,Saturday
794,31/05/2013,2013,May,Q2,Friday
795,19/06/2015,2015,June,Q2,Friday
796,27/07/2013,2013,July,Q3,Saturday
797,29/12/2012,2012,December,Q4,Saturday
798,15/06/2012,2012,June,Q2,Friday
799,16/11/2014,2014,November,Q4,Sunday
800,23/03/2013,2013,March,Q1,Saturday
801,04/01/2015,2015,January,Q1,Sunday
802,10/04/2013,2013,April,Q2,Wednesday
803,22/11/2013,2013,November,Q4,Friday
804,16/07/2014,2014,July,Q3,Wednesday
805,11/02/2014,2014,February,Q1,Tuesday
806,17/07/2014,2014,July,Q3,Thursday
807,30/11/2012,2012,November,Q4,Friday
808,02/02/2012,2012,February,Q1,Thursday
809,03/04/2012,2012,April,Q2,Tuesday
810,13/10/2012,2012,October,Q4,Saturday
811,12/08/2012,2012,August,Q3,Sunday
812,20/07/2013,2013,July,Q3,Saturday
813,13/06/2015,2015,June,Q2,Saturday
814,24/08/2015,2015,August,Q3,Monday
815,06/07/2013,2013,July,Q3,Saturday
816,21/09/2013,2013,September,Q3,Saturday
817,02/02/2013,2013,February,Q1,Saturday
818,25/09/2012,2012,September,Q3,Tuesday
819,21/03/2012,2012,March,Q1,Wednesday
820,23/08/2013,2013,August,Q3,Friday
821,27/09/2013,2013,September,Q3,Friday
822,01/03/2014,2014,March,Q1,Saturday
823,17/11/2015,2015,November,Q4,Tuesday
824,02/03/2013,2013,March,Q1,Saturday
825,11/07/2013,2013,July,Q3,Thursday
826,21/05/2015,2015,May,Q2,Thursday
827,23/10/2012,2012,October,Q4,Tuesday
828,10/04/2012,2012,April,Q2,Tuesday
829,29/02/2012,2012,February,Q1,Wednesday
830,20/04/2012,2012,April,Q2,Friday
831,02/11/2013,2013,November,Q4,Saturday
832,22/10/2013,2013,October,Q4,Tuesday
833,18/04/2012,2012,April,Q2,Wednesday
834,20/10/2015,2015,October,Q4,Tuesday
835,20/03/2013,2013,March,Q1,Wednesday
836,20/11/2012,2012,November,Q4,Tuesday
837,06/09/2012,2012,September,Q3,Thursday
838,14/12/2013,2013,December,Q4,Saturday
839,22/06/2013,2013,June,Q2,Saturday
840,21/10/2015,2015,October,Q4,Wednesday
841,28/12/2013,2013,December,Q4,Saturday
842,19/10/2013,2013,October,Q4,Saturday
843,07/07/2012,2012,July,Q3,Saturday
844,03/02/2015,2015,February,Q1,Tuesday
845,05/05/2013,2013,May,Q2,Sunday
846,16/04/2013,2013,April,Q2,Tuesday
847,29/07/2014,2014,July,Q3,Tuesday
848,16/01/2014,2014,January,Q1,Thursday
849,13/04/2014,2014,April,Q2,Sunday
850,02/09/2012,2012,September,Q3,Sunday
851,27/06/2012,2012,June,Q2,Wednesday
852,02/05/2015,2015,May,Q2,Saturday
853,23/01/2012,2012,January,Q1,Monday
854,07/03/2012,2012,March,Q1,Wednesday
855,27/11/2013,2013,November,Q4,Wednesday
856,31/07/2013,2013,July,Q3,Wednesday
857,02/10/2012,2012,October,Q4,Tuesday
858,27/03/2013,2013,March,Q1,Wednesday
859,19/01/2012,2012,January,Q1,Thursday
860,04/12/2014,2014,December,Q4,Thursday
861,21/01/2013,2013,January,Q1,Monday
862,16/11/2015,2015,November,Q4,Monday
863,25/04/2015,2015,April,Q2,Saturday
864,29/05/2013,2013,May,Q2,Wednesday
865,09/05/2014,2014,May,Q2,Friday
866,11/07/2012,2012,July,Q3,Wednesday
867,29/06/2013,2013,June,Q2,Saturday
868,23/02/2014,2014,February,Q1,Sunday
869,01/10/2015,2015,October,Q4,Thursday
870,17/11/2014,2014,November,Q4,Monday
871,10/08/2012,2012,August,Q3,Friday
872,20/07/2012,2012,July,Q3,Friday
873,22/02/2014,2014,February,Q1,Saturday
874,23/11/2012,2012,November,Q4,Friday
875,30/10/2012,2012,October,Q4,Tuesday
876,27/03/2014,2014,March,Q1,Thursday
877,22/03/2015,2015,March,Q1,Sunday
878,12/03/2015,2015,March,Q1,Thursday
879,21/08/2015,2015,August,Q3,Friday
880,23/09/2014,2014,September,Q3,Tuesday
881,20/12/2012,2012,December,Q4,Thursday
882,07/06/2013,2013,June,Q2,Friday
883,10/05/2015,2015,May,Q2,Sunday
884,02/01/2013,2013,January,Q1,Wednesday
885,10/08/2014,2014,August,Q3,Sunday
886,20/02/2015,2015,February,Q1,Friday
887,03/10/2014,2014,October,Q4,Friday
888,15/01/2015,2015,January,Q1,Thursday
889,22/01/2013,2013,January,Q1,Tuesday
890,06/09/2014,2014,September,Q3,Saturday
891,01/11/2012,2012,November,Q4,Thursday
892,25/09/2015,2015,September,Q3,Friday
893,18/07/2014,2014,July,Q3,Friday
894,30/08/2015,2015,August,Q3,Sunday
895,20/03/2012,2012,March,Q1,Tuesday
896,11/09/2012,2012,September,Q3,Tuesday
897,04/06/2015,2015,June,Q2,Thursday
898,15/10/2013,2013,October,Q4,Tuesday
899,03/10/2012,2012,October,Q4,Wednesday
900,30/04/2013,2013,April,Q2,Tuesday
901,07/06/2015,2015,June,Q2,Sunday
902,11/11/2013,2013,November,Q4,Monday
903,25/12/2014,2014,December,Q4,Thursday
904,24/10/2013,2013,October,Q4,Thursday
905,11/04/2012,2012,April,Q2,Wednesday
906,19/08/2015,2015,August,Q3,Wednesday
907,03/01/2013,2013,January,Q1,Thursday
908,18/01/2012,2012,January,Q1,Wednesday
909,18/08/2013,2013,August,Q3,Sunday
910,21/05/2013,2013,May,Q2,Tuesday
911,16/01/2015,2015,January,Q1,Friday
912,26/08/2013,2013,August,Q3,Monday
913,26/10/2013,2013,October,Q4,Saturday
914,07/02/2014,2014,February,Q1,Friday
915,08/06/2012,2012,June,Q2,Friday
916,21/08/2012,2012,August,Q3,Tuesday
917,10/03/2015,2015,March,Q1,Tuesday
918,22/08/2015,2015,August,Q3,Saturday
919,06/04/2013,2013,April,Q2,Saturday
920,06/07/2014,2014,July,Q3,Sunday
921,13/08/2013,2013,August,Q3,Tuesday
922,23/02/2015,2015,February,Q1,Monday
923,19/09/2013,2013,September,Q3,Thursday
924,18/12/2012,2012,December,Q4,Tuesday
925,24/07/2012,2012,July,Q3,Tuesday
926,31/01/2012,2012,January,Q1,Tuesday
927,02/07/2014,2014,July,Q3,Wednesday
928,21/10/2012,2012,October,Q4,Sunday
929,24/08/2012,2012,August,Q3,Friday
930,06/06/2013,2013,June,Q2,Thursday
931,27/12/2014,2014,December,Q4,Saturday
932,26/11/2014,2014,November,Q4,Wednesday
933,04/10/2012,2012,October,Q4,Thursday
934,29/10/2013,2013,October,Q4,Tuesday
935,07/05/2014,2014,May,Q2,Wednesday
936,23/05/2014,2014,May,Q2,Friday
937,09/10/2012,2012,October,Q4,Tuesday
938,11/01/2014,2014,January,Q1,Saturday
939,20/10/2012,2012,October,Q4,Saturday
940,08/11/2014,2014,November,Q4,Saturday
941,23/04/2015,2015,April,Q2,Thursday
942,03/01/2012,2012,January,Q1,Tuesday
943,18/10/2013,2013,October,Q4,Friday
944,21/01/2015,2015,January,Q1,Wednesday
945,19/02/2014,2014,February,Q1,Wednesday
946,13/12/2014,2014,December,Q4,Saturday
947,14/08/2013,2013,August,Q3,Wednesday
948,29/09/2014,2014,September,Q3,Monday
949,27/06/2013,2013,June,Q2,Thursday
950,12/04/2015,2015,April,Q2,Sunday
951,04/09/2014,2014,September,Q3,Thursday
952,11/04/2013,2013,April,Q2,Thursday
953,20/03/2015,2015,March,Q1,Friday
954,28/08/2014,2014,August,Q3,Thursday
955,08/08/2015,2015,August,Q3,Saturday
956,31/03/2012,2012,March,Q1,Saturday
957,04/04/2012,2012,April,Q2,Wednesday
958,08/10/2015,2015,October,Q4,Thursday
959,12/07/2013,2013,July,Q3,Friday
960,18/04/2015,2015,April,Q2,Saturday
961,05/09/2013,2013,September,Q3,Thursday
962,07/07/2015,2015,July,Q3,Tuesday
963,03/05/2013,2013,May,Q2,Friday
964,30/10/2015,2015,October,Q4,Friday
965,13/08/2014,2014,August,Q3,Wednesday
966,17/02/2013,2013,February,Q1,Sunday
967,12/02/2013,2013,February,Q1,Tuesday
968,14/02/2013,2013,February,Q1,Thursday
969,11/01/2015,2015,January,Q1,Sunday
970,02/05/2013,2013,May,Q2,Thursday
971,06/02/2015,2015,February,Q1,Friday
972,10/11/2015,2015,November,Q4,Tuesday
973,07/11/2012,2012,November,Q4,Wednesday
974,04/12/2012,2012,December,Q4,Tuesday
975,16/07/2013,2013,July,Q3,Tuesday
976,24/03/2012,2012,March,Q1,Saturday
977,11/04/2014,2014,April,Q2,Friday
978,28/03/2012,2012,March,Q1,Wednesday
979,11/08/2013,2013,August,Q3,Sunday
980,22/12/2013,2013,December,Q4,Sunday
981,12/06/2012,2012,June,Q2,Tuesday
982,03/10/2013,2013,October,Q4,Thursday
983,20/05/2014,2014,May,Q2,Tuesday
984,12/07/2012,2012,July,Q3,Thursday
985,18/10/2015,2015,October,Q4,Sunday
986,22/09/2013,2013,September,Q3,Sunday
987,12/07/2014,2014,July,Q3,Saturday
988,25/05/2015,2015,May,Q2,Monday
989,13/07/2014,2014,July,Q3,Sunday
990,29/08/2014,2014,August,Q3,Friday
991,10/01/2015,2015,January,Q1,Saturday
992,05/07/2014,2014,July,Q3,Saturday
993,02/06/2013,2013,June,Q2,Sunday
994,15/07/2015,2015,July,Q3,Wednesday
995,16/11/2012,2012,November,Q4,Friday
996,25/09/2013,2013,September,Q3,Wednesday
997,17/11/2013,2013,November,Q4,Sunday
998,04/01/2012,2012,January,Q1,Wednesday
999,25/07/2012,2012,July,Q3,Wednesday
1000,17/05/2012,2012,May,Q2,Thursday
1001,27/10/2013,2013,October,Q4,Sunday
1002,21/08/2013,2013,August,Q3,Wednesday
1003,21/02/2013,2013,February,Q1,Thursday
1004,09/02/2012,2012,February,Q1,Thursday
1005,08/03/2015,2015,March,Q1,Sunday
1006,26/02/2012,2012,February,Q1,Sunday
1007,03/07/2012,2012,July,Q3,Tuesday
1008,01/06/2013,2013,June,Q2,Saturday
1009,28/02/2015,2015,February,Q1,Saturday
1010,26/11/2013,2013,November,Q4,Tuesday
1011,11/12/2012,2012,December,Q4,Tuesday
1012,23/06/2014,2014,June,Q2,Monday
1013,12/09/2013,2013,September,Q3,Thursday
1014,03/01/2014,2014,January,Q1,Friday
1015,28/09/2014,2014,September,Q3,Sunday
1016,07/10/2014,2014,October,Q4,Tuesday
1017,09/11/2014,2014,November,Q4,Sunday
1018,01/06/2015,2015,June,Q2,Monday
1019,15/12/2012,2012,December,Q4,Saturday
1020,10/12/2012,2012,December,Q4,Monday
1021,16/03/2013,2013,March,Q1,Saturday
1022,18/03/2014,2014,March,Q1,Tuesday
1023,19/07/2014,2014,July,Q3,Saturday
1024,01/01/2015,2015,January,Q1,Thursday
1025,22/03/2014,2014,March,Q1,Saturday
1026,14/01/2014,2014,January,Q1,Tuesday
1027,18/09/2012,2012,September,Q3,Tuesday
1028,06/01/2015,2015,January,Q1,Tuesday
1029,29/09/2012,2012,September,Q3,Saturday
1030,23/04/2013,2013,April,Q2,Tuesday
1031,29/04/2015,2015,April,Q2,Wednesday
1032,27/08/2015,2015,August,Q3,Thursday
1033,24/07/2013,2013,July,Q3,Wednesday
1034,09/08/2015,2015,August,Q3,Sunday
1035,17/04/2014,2014,April,Q2,Thursday
1036,04/01/2013,2013,January,Q1,Friday
1037,13/01/2013,2013,January,Q1,Sunday
1038,12/11/2013,2013,November,Q4,Tuesday
1039,01/04/2012,2012,April,Q2,Sunday
1040,06/10/2013,2013,October,Q4,Sunday
1041,05/10/2014,2014,October,Q4,Sunday
1042,02/11/2014,2014,November,Q4,Sunday
1043,08/05/2014,2014,May,Q2,Thursday
1044,12/05/2013,2013,May,Q2,Sunday
1045,05/08/2013,2013,August,Q3,Monday
1046,05/06/2015,2015,June,Q2,Friday
1047,05/04/2015,2015,April,Q2,Sunday
1048,19/10/2015,2015,October,Q4,Monday
1049,19/02/2015,2015,February,Q1,Thursday
1050,24/07/2014,2014,July,Q3,Thursday
1051,09/03/2013,2013,March,Q1,Saturday
1052,08/02/2013,2013,February,Q1,Friday
1053,09/12/2013,2013,December,Q4,Monday
1054,27/05/2012,2012,May,Q2,Sunday
1055,07/01/2015,2015,January,Q1,Wednesday
1056,13/01/2015,2015,January,Q1,Tuesday
1057,22/01/2012,2012,January,Q1,Sunday
1058,08/04/2015,2015,April,Q2,Wednesday
1059,26/03/2013,2013,March,Q1,Tuesday
1060,06/02/2013,2013,February,Q1,Wednesday
1061,29/03/2012,2012,March,Q1,Thursday
1062,23/03/2012,2012,March,Q1,Friday
1063,22/06/2012,2012,June,Q2,Friday
1064,30/08/2012,2012,August,Q3,Thursday
1065,14/11/2013,2013,November,Q4,Thursday
1066,07/12/2014,2014,December,Q4,Sunday
1067,20/11/2014,2014,November,Q4,Thursday
1068,26/04/2015,2015,April,Q2,Sunday
1069,26/02/2015,2015,February,Q1,Thursday
1070,30/09/2012,2012,September,Q3,Sunday
1071,13/04/2012,2012,April,Q2,Friday
1072,28/06/2013,2013,June,Q2,Friday
1073,26/01/2012,2012,January,Q1,Thursday
1074,08/10/2014,2014,October,Q4,Wednesday
1075,01/07/2015,2015,July,Q3,Wednesday
1076,26/04/2013,2013,April,Q2,Friday
1077,13/10/2014,2014,October,Q4,Monday
1078,15/01/2012,2012,January,Q1,Sunday
1079,24/12/2013,2013,December,Q4,Tuesday
1080,29/06/2014,2014,June,Q2,Sunday
1081,14/07/2014,2014,July,Q3,Monday
1082,08/01/2013,2013,January,Q1,Tuesday
1083,08/07/2015,2015,July,Q3,Wednesday
1084,20/10/2013,2013,October,Q4,Sunday
1085,11/10/2012,2012,October,Q4,Thursday
1086,04/05/2012,2012,May,Q2,Friday
1087,29/06/2015,2015,June,Q2,Monday
1088,07/10/2013,2013,October,Q4,Monday
1089,16/03/2012,2012,March,Q1,Friday
1090,09/06/2013,2013,June,Q2,Sunday
1091,08/09/2012,2012,September,Q3,Saturday
1092,31/07/2014,2014,July,Q3,Thursday
1093,20/01/2012,2012,January,Q1,Friday
1094,25/07/2015,2015,July,Q3,Saturday
1095,16/09/2012,2012,September,Q3,Sunday
1096,06/04/2012,2012,April,Q2,Friday
1097,20/04/2014,2014,April,Q2,Sunday
1098,18/05/2013,2013,May,Q2,Saturday
1099,07/03/2015,2015,March,Q1,Saturday
1100,13/06/2012,2012,June,Q2,Wednesday
1101,10/09/2012,2012,September,Q3,Monday
1102,09/02/2013,2013,February,Q1,Saturday
1103,22/04/2014,2014,April,Q2,Tuesday
1104,27/04/2013,2013,April,Q2,Saturday
1105,15/09/2014,2014,September,Q3,Monday
1106,22/02/2012,2012,February,Q1,Wednesday
1107,27/04/2014,2014,April,Q2,Sunday
1108,24/01/2014,2014,January,Q1,Friday
1109,14/07/2013,2013,July,Q3,Sunday
1110,12/09/2012,2012,September,Q3,Wednesday
1111,01/08/2012,2012,August,Q3,Wednesday
1112,08/03/2013,2013,March,Q1,Friday
1113,18/02/2015,2015,February,Q1,Wednesday
1114,03/03/2012,2012,March,Q1,Saturday
1115,25/05/2012,2012,May,Q2,Friday
1116,27/04/2012,2012,April,Q2,Friday
1117,08/12/2013,2013,December,Q4,Sunday
1118,19/01/2013,2013,January,Q1,Saturday
1119,02/04/2014,2014,April,Q2,Wednesday
1120,09/05/2012,2012,May,Q2,Wednesday
1121,10/09/2015,2015,September,Q3,Thursday
1122,25/02/2014,2014,February,Q1,Tuesday
1123,28/07/2014,2014,July,Q3,Monday
1124,01/12/2012,2012,December,Q4,Saturday
1125,09/04/2013,2013,April,Q2,Tuesday
1126,24/04/2014,2014,April,Q2,Thursday
1127,04/09/2012,2012,September,Q3,Tuesday
1128,16/06/2014,2014,June,Q2,Monday
1129,17/01/2014,2014,January,Q1,Friday
1130,17/03/2012,2012,March,Q1,Saturday
1131,03/04/2014,2014,April,Q2,Thursday
1132,07/10/2012,2012,October,Q4,Sunday
1133,12/03/2013,2013,March,Q1,Tuesday
1134,24/04/2012,2012,April,Q2,Tuesday
1135,15/03/2014,2014,March,Q1,Saturday
1136,05/02/2015,2015,February,Q1,Thursday
1137,10/04/2015,2015,April,Q2,Friday
1138,22/10/2015,2015,October,Q4,Thursday
1139,21/02/2012,2012,February,Q1,Tuesday
1140,08/05/2012,2012,May,Q2,Tuesday
1141,19/04/2012,2012,April,Q2,Thursday
1142,12/02/2014,2014,February,Q1,Wednesday
1143,18/05/2014,2014,May,Q2,Sunday
1144,19/05/2012,2012,May,Q2,Saturday
1145,26/08/2012,2012,August,Q3,Sunday
1146,06/04/2014,2014,April,Q2,Sunday
1147,10/07/2012,2012,July,Q3,Tuesday
1148,30/05/2015,2015,May,Q2,Saturday
1149,22/03/2013,2013,March,Q1,Friday
1150,28/09/2012,2012,September,Q3,Friday
1151,08/08/2014,2014,August,Q3,Friday
1152,22/08/2012,2012,August,Q3,Wednesday
1153,13/01/2012,2012,January,Q1,Friday
1154,05/05/2012,2012,May,Q2,Saturday
1155,28/07/2012,2012,July,Q3,Saturday
1156,31/03/2013,2013,March,Q1,Sunday
1157,03/08/2014,2014,August,Q3,Sunday
1158,26/05/2012,2012,May,Q2,Saturday
1159,09/09/2013,2013,September,Q3,Monday
1160,03/05/2015,2015,May,Q2,Sunday
1161,31/10/2013,2013,October,Q4,Thursday
1162,20/04/2015,2015,April,Q2,Monday
1163,22/01/2015,2015,January,Q1,Thursday
1164,23/11/2015,2015,November,Q4,Monday
1165,28/07/2015,2015,July,Q3,Tuesday
1166,10/07/2013,2013,July,Q3,Wednesday
1167,09/01/2015,2015,January,Q1,Friday
1168,09/09/2012,2012,September,Q3,Sunday
1169,17/04/2013,2013,April,Q2,Wednesday
1170,15/11/2015,2015,November,Q4,Sunday
1171,02/07/2013,2013,July,Q3,Tuesday
1172,16/12/2013,2013,December,Q4,Monday
1173,23/08/2012,2012,August,Q3,Thursday
1174,20/01/2013,2013,January,Q1,Sunday
1175,10/04/2014,2014,April,Q2,Thursday
1176,19/04/2014,2014,April,Q2,Saturday
1177,09/07/2014,2014,July,Q3,Wednesday
1178,15/04/2014,2014,April,Q2,Tuesday
1179,01/07/2013,2013,July,Q3,Monday
1180,08/10/2013,2013,October,Q4,Tuesday
1181,22/02/2015,2015,February,Q1,Sunday
1182,16/07/2015,2015,July,Q3,Thursday
1183,04/05/2015,2015,May,Q2,Monday
1184,05/07/2013,2013,July,Q3,Friday
1185,05/05/2014,2014,May,Q2,Monday
1186,28/12/2014,2014,December,Q4,Sunday
1187,01/03/2013,2013,March,Q1,Friday
1188,03/04/2013,2013,April,Q2,Wednesday
1189,09/08/2014,2014,August,Q3,Saturday
1190,25/07/2013,2013,July,Q3,Thursday
1191,18/01/2013,2013,January,Q1,Friday
1192,27/04/2015,2015,April,Q2,Monday
1193,19/04/2015,2015,April,Q2,Sunday
1194,24/05/2012,2012,May,Q2,Thursday
1195,15/10/2012,2012,October,Q4,Monday
1196,04/02/2012,2012,February,Q1,Saturday
1197,14/12/2015,2015,December,Q4,Monday
1198,08/10/2012,2012,October,Q4,Monday
1199,14/04/2012,2012,April,Q2,Saturday
1200,21/10/2013,2013,October,Q4,Monday
1201,28/04/2012,2012,April,Q2,Saturday
1202,16/02/2014,2014,February,Q1,Sunday
1203,16/02/2013,2013,February,Q1,Saturday
1204,16/03/2014,2014,March,Q1,Sunday
1205,07/04/2013,2013,April,Q2,Sunday
1206,04/06/2012,2012,June,Q2,Monday
1207,05/07/2012,2012,July,Q3,Thursday
1208,30/01/2012,2012,January,Q1,Monday
1209,30/07/2013,2013,July,Q3,Tuesday
1210,05/12/2014,2014,December,Q4,Friday
1211,26/10/2014,2014,October,Q4,Sunday
1212,19/10/2012,2012,October,Q4,Friday
1213,22/03/2012,2012,March,Q1,Thursday
1214,21/04/2013,2013,April,Q2,Sunday
1215,08/09/2013,2013,September,Q3,Sunday
1216,01/05/2013,2013,May,Q2,Wednesday
1217,19/02/2013,2013,February,Q1,Tuesday
1218,07/04/2014,2014,April,Q2,Monday
1219,26/05/2013,2013,May,Q2,Sunday
1220,13/05/2013,2013,May,Q2,Monday
1221,01/09/2013,2013,September,Q3,Sunday
1222,12/05/2015,2015,May,Q2,Tuesday
1223,06/04/2015,2015,April,Q2,Monday
1224,12/04/2012,2012,April,Q2,Thursday
1225,26/01/2015,2015,January,Q1,Monday
1226,18/09/2014,2014,September,Q3,Thursday
1227,17/09/2012,2012,September,Q3,Monday
1228,30/11/2015,2015,November,Q4,Monday
1229,08/07/2012,2012,July,Q3,Sunday
1230,24/03/2013,2013,March,Q1,Sunday
1231,04/04/2015,2015,April,Q2,Saturday
1232,14/05/2013,2013,May,Q2,Tuesday
1233,13/05/2014,2014,May,Q2,Tuesday
1234,29/12/2013,2013,December,Q4,Sunday
1235,01/02/2012,2012,February,Q1,Wednesday
1236,27/07/2015,2015,July,Q3,Monday
1237,16/09/2013,2013,September,Q3,Monday
1238,02/01/2015,2015,January,Q1,Friday
1239,16/10/2013,2013,October,Q4,Wednesday
1240,15/02/2013,2013,February,Q1,Friday
1241,27/02/2012,2012,February,Q1,Monday
1242,12/01/2012,2012,January,Q1,Thursday
1243,10/12/2013,2013,December,Q4,Tuesday
1244,28/10/2012,2012,October,Q4,Sunday
1245,13/04/2015,2015,April,Q2,Monday
1246,28/02/2014,2014,February,Q1,Friday
1247,15/06/2015,2015,June,Q2,Monday
1248,14/01/2012,2012,January,Q1,Saturday
1249,01/03/2015,2015,March,Q1,Sunday
1250,15/02/2015,2015,February,Q1,Sunday
1251,07/01/2012,2012,January,Q1,Saturday
1252,31/01/2013,2013,January,Q1,Thursday
1253,14/07/2012,2012,July,Q3,Saturday
1254,01/03/2012,2012,March,Q1,Thursday
1255,15/02/2014,2014,February,Q1,Saturday
1256,28/01/2012,2012,January,Q1,Saturday
1257,23/01/2013,2013,January,Q1,Wednesday
1258,02/05/2014,2014,May,Q2,Friday
1259,07/03/2014,2014,March,Q1,Friday
1260,30/01/2014,2014,January,Q1,Thursday
1261,27/03/2012,2012,March,Q1,Tuesday
1262,27/01/2015,2015,January,Q1,Tuesday
1263,23/12/2013,2013,December,Q4,Monday
1264,31/03/2014,2014,March,Q1,Monday
1265,22/12/2014,2014,December,Q4,Monday
1266,09/11/2015,2015,November,Q4,Monday
1267,15/05/2012,2012,May,Q2,Tuesday
1268,06/05/2012,2012,May,Q2,Sunday
1269,29/04/2013,2013,April,Q2,Monday
1270,20/10/2014,2014,October,Q4,Monday
1271,05/10/2015,2015,October,Q4,Monday
1272,28/03/2014,2014,March,Q1,Friday
1273,26/06/2012,2012,June,Q2,Tuesday
1274,11/03/2013,2013,March,Q1,Monday
1275,26/01/2013,2013,January,Q1,Saturday
1276,04/02/2014,2014,February,Q1,Tuesday
1277,09/03/2014,2014,March,Q1,Sunday
1278,15/12/2014,2014,December,Q4,Monday
1279,14/05/2015,2015,May,Q2,Thursday
1280,17/01/2013,2013,January,Q1,Thursday
1281,31/08/2015,2015,August,Q3,Monday
1282,13/02/2014,2014,February,Q1,Thursday
1283,02/06/2014,2014,June,Q2,Monday
1284,04/08/2013,2013,August,Q3,Sunday
1285,02/09/2013,2013,September,Q3,Monday
1286,17/08/2015,2015,August,Q3,Monday
1287,06/05/2013,2013,May,Q2,Monday
1288,29/01/2013,2013,January,Q1,Tuesday
1289,03/11/2013,2013,November,Q4,Sunday
1290,10/05/2012,2012,May,Q2,Thursday
1291,28/01/2013,2013,January,Q1,Monday
1292,19/07/2013,2013,July,Q3,Friday
1293,07/09/2014,2014,September,Q3,Sunday
1294,01/12/2014,2014,December,Q4,Monday
1295,27/02/2013,2013,February,Q1,Wednesday
1296,15/04/2013,2013,April,Q2,Monday
1297,14/04/2014,2014,April,Q2,Monday
1298,26/01/2014,2014,January,Q1,Sunday
1299,28/12/2015,2015,December,Q4,Monday
1300,13/07/2015,2015,July,Q3,Monday
1301,03/08/2015,2015,August,Q3,Monday
1302,06/01/2012,2012,January,Q1,Friday
1303,26/03/2014,2014,March,Q1,Wednesday
1304,30/09/2013,2013,September,Q3,Monday
1305,10/02/2014,2014,February,Q1,Monday
1306,17/06/2013,2013,June,Q2,Monday
1307,02/04/2012,2012,April,Q2,Monday
1308,25/03/2012,2012,March,Q1,Sunday
1309,08/09/2014,2014,September,Q3,Monday
1310,27/01/2012,2012,January,Q1,Friday
1311,19/08/2012,2012,August,Q3,Sunday
1312,28/07/2013,2013,July,Q3,Sunday
1313,11/05/2015,2015,May,Q2,Monday
1314,14/09/2015,2015,September,Q3,Monday
1315,07/05/2012,2012,May,Q2,Monday
1316,19/05/2014,2014,May,Q2,Monday
1317,01/01/2012,2012,January,Q1,Sunday
1318,29/12/2014,2014,December,Q4,Monday
1319,09/01/2012,2012,January,Q1,Monday
1320,03/12/2012,2012,December,Q4,Monday
1321,06/01/2014,2014,January,Q1,Monday
1322,25/01/2012,2012,January,Q1,Wednesday
1323,11/09/2013,2013,September,Q3,Wednesday
1324,08/04/2012,2012,April,Q2,Sunday
1325,01/02/2015,2015,February,Q1,Sunday
1326,15/03/2012,2012,March,Q1,Thursday
1327,30/07/2012,2012,July,Q3,Monday
1328,08/02/2012,2012,February,Q1,Wednesday
1329,29/01/2012,2012,January,Q1,Sunday
1330,01/04/2013,2013,April,Q2,Monday
1331,21/09/2015,2015,September,Q3,Monday
1332,04/07/2012,2012,July,Q3,Wednesday
1333,21/07/2013,2013,July,Q3,Sunday
1334,24/03/2014,2014,March,Q1,Monday
1335,05/01/2015,2015,January,Q1,Monday
1336,04/11/2013,2013,November,Q4,Monday
1337,03/03/2013,2013,March,Q1,Sunday
1338,23/03/2015,2015,March,Q1,Monday
1339,30/12/2013,2013,December,Q4,Monday
1340,17/02/2012,2012,February,Q1,Friday
1341,29/04/2012,2012,April,Q2,Sunday
1342,14/05/2012,2012,May,Q2,Monday
1343,12/08/2013,2013,August,Q3,Monday
1344,10/03/2013,2013,March,Q1,Sunday
1345,07/02/2012,2012,February,Q1,Tuesday
1346,29/03/2015,2015,March,Q1,Sunday
1347,30/01/2013,2013,January,Q1,Wednesday
1348,03/02/2012,2012,February,Q1,Friday
1349,03/03/2014,2014,March,Q1,Monday
1350,28/02/2013,2013,February,Q1,Thursday
1351,06/07/2015,2015,July,Q3,Monday
1352,18/03/2012,2012,March,Q1,Sunday
1353,02/03/2014,2014,March,Q1,Sunday
1354,02/11/2015,2015,November,Q4,Monday
1355,08/12/2014,2014,December,Q4,Monday
1356,05/01/2013,2013,January,Q1,Saturday
1357,28/10/2013,2013,October,Q4,Monday
1358,27/07/2014,2014,July,Q3,Sunday
1359,02/03/2015,2015,March,Q1,Monday
1360,08/07/2013,2013,July,Q3,Monday
1361,18/02/2013,2013,February,Q1,Monday
1362,27/01/2014,2014,January,Q1,Monday
1363,07/09/2015,2015,September,Q3,Monday
1364,24/06/2013,2013,June,Q2,Monday
1365,21/12/2015,2015,December,Q4,Monday
1366,25/08/2014,2014,August,Q3,Monday
1367,09/06/2014,2014,June,Q2,Monday
1368,30/03/2015,2015,March,Q1,Monday
1369,11/08/2014,2014,August,Q3,Monday
1370,19/10/2014,2014,October,Q4,Sunday
1371,08/03/2012,2012,March,Q1,Thursday
1372,05/02/2012,2012,February,Q1,Sunday
1373,03/06/2013,2013,June,Q2,Monday
1374,18/05/2015,2015,May,Q2,Monday
1375,11/02/2012,2012,February,Q1,Saturday
1376,12/05/2014,2014,May,Q2,Monday
1377,01/09/2014,2014,September,Q3,Monday
1378,05/03/2012,2012,March,Q1,Monday
1379,03/02/2014,2014,February,Q1,Monday
1380,16/02/2015,2015,February,Q1,Monday
1381,17/03/2013,2013,March,Q1,Sunday
1382,23/04/2012,2012,April,Q2,Monday
1383,18/11/2013,2013,November,Q4,Monday
1384,01/07/2012,2012,July,Q3,Sunday
1385,23/09/2013,2013,September,Q3,Monday
1386,19/05/2013,2013,May,Q2,Sunday
1387,09/02/2015,2015,February,Q1,Monday
1388,25/11/2013,2013,November,Q4,Monday
1389,11/02/2013,2013,February,Q1,Monday
1390,19/11/2012,2012,November,Q4,Monday
1391,19/01/2015,2015,January,Q1,Monday
1392,16/01/2012,2012,January,Q1,Monday
1393,01/10/2012,2012,October,Q4,Monday
1394,05/08/2012,2012,August,Q3,Sunday
1395,21/05/2012,2012,May,Q2,Monday
1396,16/07/2012,2012,July,Q3,Monday
1397,24/12/2012,2012,December,Q4,Monday
1398,12/11/2012,2012,November,Q4,Monday
1399,26/11/2012,2012,November,Q4,Monday
1400,23/07/2012,2012,July,Q3,Monday
1401,02/12/2013,2013,December,Q4,Monday
1402,17/03/2014,2014,March,Q1,Monday
1403,06/08/2012,2012,August,Q3,Monday
1404,22/09/2014,2014,September,Q3,Monday
1405,10/02/2013,2013,February,Q1,Sunday
1406,26/05/2014,2014,May,Q2,Monday
1407,29/10/2012,2012,October,Q4,Monday
1408,14/10/2013,2013,October,Q4,Monday
1409,22/04/2012,2012,April,Q2,Sunday
1410,16/03/2015,2015,March,Q1,Monday
1411,18/06/2012,2012,June,Q2,Monday
1412,06/10/2014,2014,October,Q4,Monday
1413,18/08/2014,2014,August,Q3,Monday
1414,13/01/2014,2014,January,Q1,Monday
1415,02/01/2012,2012,January,Q1,Monday
1416,12/01/2015,2015,January,Q1,Monday
1417,29/07/2013,2013,July,Q3,Monday
1418,15/07/2013,2013,July,Q3,Monday
1419,19/08/2013,2013,August,Q3,Monday
1420,26/03/2012,2012,March,Q1,Monday
1421,11/06/2012,2012,June,Q2,Monday
1422,04/02/2013,2013,February,Q1,Monday
1423,07/07/2014,2014,July,Q3,Monday
1424,10/03/2014,2014,March,Q1,Monday
1425,21/07/2014,2014,July,Q3,Monday
1426,27/05/2013,2013,May,Q2,Monday
1427,10/11/2014,2014,November,Q4,Monday
1428,13/02/2012,2012,February,Q1,Monday
1429,20/05/2013,2013,May,Q2,Monday
1430,06/02/2012,2012,February,Q1,Monday
